{
  "task": "evaluate",
  "created_at": "2026-06-09 13:42:20",
  "config_path": "outputs/tmp_configs/augmentation/fog_contrast_fog.yaml",
  "checkpoint": "outputs/checkpoints/augmentation/fog_contrast_fog/best_miou.pth",
  "checkpoint_epoch": 26,
  "checkpoint_best_miou": 0.7889807224273682,
  "main": {
    "split": "val",
    "condition": "fog",
    "source_csv": "val.csv",
    "csv_split_filter": null,
    "num_samples": 100,
    "miou": 0.7889807224273682,
    "class_iou": {
      "road": 0.9764114618301392,
      "sidewalk": 0.8845776319503784,
      "building": 0.9063441157341003,
      "wall": 0.757031261920929,
      "fence": 0.5259796977043152,
      "pole": 0.6879734992980957,
      "traffic_light": 0.7798805236816406,
      "traffic_sign": 0.7011799216270447,
      "vegetation": 0.9091911911964417,
      "terrain": 0.6251503229141235,
      "sky": 0.9826048016548157,
      "person": 0.6533218622207642,
      "rider": 0.6549307703971863,
      "car": 0.8904202580451965,
      "truck": 0.8665997982025146,
      "bus": 0.9684301614761353,
      "train": 0.9347200393676758,
      "motorcycle": 0.6745224595069885,
      "bicycle": 0.6113642454147339
    },
    "condition_results": {
      "fog": {
        "miou": 0.7889807224273682,
        "class_iou": [
          0.9764114618301392,
          0.8845776319503784,
          0.9063441157341003,
          0.757031261920929,
          0.5259796977043152,
          0.6879734992980957,
          0.7798805236816406,
          0.7011799216270447,
          0.9091911911964417,
          0.6251503229141235,
          0.9826048016548157,
          0.6533218622207642,
          0.6549307703971863,
          0.8904202580451965,
          0.8665997982025146,
          0.9684301614761353,
          0.9347200393676758,
          0.6745224595069885,
          0.6113642454147339
        ],
        "num_images": 100
      }
    }
  },
  "normal": null,
  "comparison": null
}