{
  "task": "evaluate",
  "created_at": "2026-06-15 15:56:29",
  "config_path": "outputs/tmp_configs/ablations/05_color_jitter_weather_aug.yaml",
  "checkpoint": "outputs/checkpoints/ablations/05_color_jitter_weather_aug/best_miou.pth",
  "checkpoint_epoch": 79,
  "checkpoint_best_miou": 0.7247570157051086,
  "main": {
    "split": "val",
    "condition": null,
    "source_csv": "val.csv",
    "csv_split_filter": null,
    "num_samples": 406,
    "miou": 0.7248556017875671,
    "class_iou": {
      "road": 0.9580798745155334,
      "sidewalk": 0.8142634034156799,
      "building": 0.8798190951347351,
      "wall": 0.5885139107704163,
      "fence": 0.49411439895629883,
      "pole": 0.6324290037155151,
      "traffic_light": 0.7705679535865784,
      "traffic_sign": 0.6644282937049866,
      "vegetation": 0.8731251358985901,
      "terrain": 0.5390307903289795,
      "sky": 0.9544748067855835,
      "person": 0.6610351204872131,
      "rider": 0.3386076092720032,
      "car": 0.8784651756286621,
      "truck": 0.8405055403709412,
      "bus": 0.8953531384468079,
      "train": 0.9013487100601196,
      "motorcycle": 0.47956758737564087,
      "bicycle": 0.6085256934165955
    },
    "condition_results": {
      "fog": {
        "miou": 0.8011117577552795,
        "class_iou": [
          0.9803411364555359,
          0.8835335373878479,
          0.9090722799301147,
          0.7596819996833801,
          0.5404467582702637,
          0.7222738265991211,
          0.810973048210144,
          0.7703203558921814,
          0.91267329454422,
          0.6346443891525269,
          0.9834780097007751,
          0.6750658750534058,
          0.7022566795349121,
          0.889080822467804,
          0.8576804399490356,
          0.9716435670852661,
          0.9362412691116333,
          0.600921630859375,
          0.6807948350906372
        ],
        "num_images": 100
      },
      "night": {
        "miou": 0.5341130495071411,
        "class_iou": [
          0.9485414624214172,
          0.7705176472663879,
          0.8215720653533936,
          0.5064111351966858,
          0.49310368299484253,
          0.5391164422035217,
          0.6477968692779541,
          0.47486141324043274,
          0.7315431833267212,
          0.12065132707357407,
          0.824853241443634,
          0.5090318322181702,
          0.3396366834640503,
          0.6898232698440552,
          0.04748360440135002,
          0.0,
          0.8956433534622192,
          0.17049099504947662,
          0.6170694231987
        ],
        "num_images": 106
      },
      "rain": {
        "miou": 0.7140440940856934,
        "class_iou": [
          0.9608471989631653,
          0.8214505910873413,
          0.9113679528236389,
          0.3950912356376648,
          0.4409428536891937,
          0.6193810701370239,
          0.7761493921279907,
          0.754689633846283,
          0.9318603277206421,
          0.6792306900024414,
          0.9847812652587891,
          0.6883696913719177,
          0.0,
          0.8999247550964355,
          0.7665734887123108,
          0.9388667941093445,
          0.772221565246582,
          0.574002206325531,
          0.6510871052742004
        ],
        "num_images": 100
      },
      "snow": {
        "miou": 0.7445359230041504,
        "class_iou": [
          0.9499478340148926,
          0.8229784965515137,
          0.899731457233429,
          0.7016691565513611,
          0.5096494555473328,
          0.6400874853134155,
          0.785260796546936,
          0.7811987996101379,
          0.901757001876831,
          0.6519666314125061,
          0.9789876341819763,
          0.7823494076728821,
          0.11127379536628723,
          0.9035347104072571,
          0.8722459673881531,
          0.7767606377601624,
          0.929345965385437,
          0.6583653688430786,
          0.4890719950199127
        ],
        "num_images": 100
      }
    }
  },
  "normal": {
    "split": "normal",
    "condition": null,
    "source_csv": "normal.csv",
    "csv_split_filter": "val",
    "num_samples": 203,
    "miou": 0.7013017535209656,
    "class_iou": {
      "road": 0.9606948494911194,
      "sidewalk": 0.8502403497695923,
      "building": 0.8922942876815796,
      "wall": 0.5931843519210815,
      "fence": 0.5410593748092651,
      "pole": 0.6012794375419617,
      "traffic_light": 0.7334542870521545,
      "traffic_sign": 0.6676576137542725,
      "vegetation": 0.8763619065284729,
      "terrain": 0.36904388666152954,
      "sky": 0.9764970541000366,
      "person": 0.6734932065010071,
      "rider": 0.4418753683567047,
      "car": 0.8407379984855652,
      "truck": 0.3693082928657532,
      "bus": 0.91669100522995,
      "train": 0.8155220746994019,
      "motorcycle": 0.47656571865081787,
      "bicycle": 0.7287730574607849
    },
    "condition_results": {
      "normal": {
        "miou": 0.7013017535209656,
        "class_iou": [
          0.9606948494911194,
          0.8502403497695923,
          0.8922942876815796,
          0.5931843519210815,
          0.5410593748092651,
          0.6012794375419617,
          0.7334542870521545,
          0.6676576137542725,
          0.8763619065284729,
          0.36904388666152954,
          0.9764970541000366,
          0.6734932065010071,
          0.4418753683567047,
          0.8407379984855652,
          0.3693082928657532,
          0.91669100522995,
          0.8155220746994019,
          0.47656571865081787,
          0.7287730574607849
        ],
        "num_images": 203
      }
    }
  },
  "comparison": {
    "normal_minus_main_miou": -0.023553848266601562,
    "main_minus_normal_miou": 0.023553848266601562
  }
}