{
  "task": "evaluate",
  "created_at": "2026-06-10 16:29:04",
  "config_path": "outputs/tmp_configs/augmentation/none.yaml",
  "checkpoint": "outputs/checkpoints/augmentation/none/best_miou.pth",
  "checkpoint_epoch": 44,
  "checkpoint_best_miou": 0.7209811210632324,
  "main": {
    "split": "val",
    "condition": null,
    "source_csv": "val.csv",
    "csv_split_filter": null,
    "num_samples": 406,
    "miou": 0.7209811210632324,
    "class_iou": {
      "road": 0.9581308960914612,
      "sidewalk": 0.8130525350570679,
      "building": 0.8768889307975769,
      "wall": 0.5875669121742249,
      "fence": 0.5070558786392212,
      "pole": 0.6232190132141113,
      "traffic_light": 0.7658109664916992,
      "traffic_sign": 0.6382026076316833,
      "vegetation": 0.8723646402359009,
      "terrain": 0.5364249348640442,
      "sky": 0.954103410243988,
      "person": 0.6512486934661865,
      "rider": 0.27977919578552246,
      "car": 0.8803096413612366,
      "truck": 0.8444772362709045,
      "bus": 0.900909423828125,
      "train": 0.8994418382644653,
      "motorcycle": 0.5078493356704712,
      "bicycle": 0.6018043756484985
    },
    "condition_results": {
      "fog": {
        "miou": 0.7966963648796082,
        "class_iou": [
          0.9778150916099548,
          0.8779817223548889,
          0.910984992980957,
          0.747699499130249,
          0.5690534114837646,
          0.7126266360282898,
          0.7972524762153625,
          0.7422817349433899,
          0.9133079648017883,
          0.6470224261283875,
          0.9834222793579102,
          0.6672373414039612,
          0.6672002673149109,
          0.8909212946891785,
          0.8632413744926453,
          0.973076581954956,
          0.9121032953262329,
          0.613132655620575,
          0.6708694100379944
        ],
        "num_images": 100
      },
      "night": {
        "miou": 0.5242305994033813,
        "class_iou": [
          0.951961100101471,
          0.7752790451049805,
          0.8120954036712646,
          0.4951329231262207,
          0.5168717503547668,
          0.5335655212402344,
          0.6412193775177002,
          0.43752214312553406,
          0.7270877957344055,
          0.11716078221797943,
          0.824704110622406,
          0.49044108390808105,
          0.21993374824523926,
          0.6862828731536865,
          0.039423685520887375,
          0.0,
          0.9000083804130554,
          0.18701796233654022,
          0.6046738624572754
        ],
        "num_images": 106
      },
      "rain": {
        "miou": 0.7112828493118286,
        "class_iou": [
          0.9568900465965271,
          0.814896821975708,
          0.9123489856719971,
          0.4255327582359314,
          0.43947651982307434,
          0.6038603782653809,
          0.7762646675109863,
          0.7418872714042664,
          0.9302614331245422,
          0.6659427881240845,
          0.9842401146888733,
          0.6814559102058411,
          0.0010734549723565578,
          0.9014297723770142,
          0.7630376815795898,
          0.938071608543396,
          0.7705318331718445,
          0.5661523342132568,
          0.6410190463066101
        ],
        "num_images": 100
      },
      "snow": {
        "miou": 0.7472507953643799,
        "class_iou": [
          0.9501838088035583,
          0.8206140995025635,
          0.8982275724411011,
          0.7027317881584167,
          0.500907301902771,
          0.6382678747177124,
          0.7833051681518555,
          0.7704803347587585,
          0.9017427563667297,
          0.6498435139656067,
          0.9792981147766113,
          0.7736932635307312,
          0.08076514303684235,
          0.9088570475578308,
          0.8760879039764404,
          0.7967260479927063,
          0.9234628677368164,
          0.722349226474762,
          0.5202211737632751
        ],
        "num_images": 100
      }
    }
  },
  "normal": null,
  "comparison": null
}