{
  "task": "evaluate",
  "created_at": "2026-06-09 16:49:11",
  "config_path": "outputs/tmp_configs/enhancement/fem.yaml",
  "checkpoint": "outputs/checkpoints/enhancement/fem/best_miou.pth",
  "checkpoint_epoch": 28,
  "checkpoint_best_miou": 0.7246331572532654,
  "main": {
    "split": "val",
    "condition": null,
    "source_csv": "val.csv",
    "csv_split_filter": null,
    "num_samples": 406,
    "miou": 0.7246331572532654,
    "class_iou": {
      "road": 0.9590307474136353,
      "sidewalk": 0.8200521469116211,
      "building": 0.8765184879302979,
      "wall": 0.6069064736366272,
      "fence": 0.5503889322280884,
      "pole": 0.6258407831192017,
      "traffic_light": 0.7558481693267822,
      "traffic_sign": 0.6518421769142151,
      "vegetation": 0.869672954082489,
      "terrain": 0.5483022928237915,
      "sky": 0.9524186253547668,
      "person": 0.6543437838554382,
      "rider": 0.29666247963905334,
      "car": 0.8753930926322937,
      "truck": 0.8311064839363098,
      "bus": 0.8932459950447083,
      "train": 0.9022803902626038,
      "motorcycle": 0.4790973365306854,
      "bicycle": 0.6190791726112366
    },
    "condition_results": {
      "fog": {
        "miou": 0.795737087726593,
        "class_iou": [
          0.9772935509681702,
          0.877987802028656,
          0.9094942808151245,
          0.7610731720924377,
          0.5919466614723206,
          0.7137601375579834,
          0.7947966456413269,
          0.7438433766365051,
          0.9125363230705261,
          0.6656235456466675,
          0.9827707409858704,
          0.6675645709037781,
          0.6456719636917114,
          0.8882156014442444,
          0.8700783848762512,
          0.9743862152099609,
          0.8928877115249634,
          0.5642558932304382,
          0.6848189830780029
        ],
        "num_images": 100
      },
      "night": {
        "miou": 0.5343783497810364,
        "class_iou": [
          0.9545058012008667,
          0.7867615818977356,
          0.8130119442939758,
          0.5069260001182556,
          0.5147200226783752,
          0.5435851812362671,
          0.6207513809204102,
          0.46603140234947205,
          0.7174999117851257,
          0.15007837116718292,
          0.816735029220581,
          0.47461041808128357,
          0.2693405747413635,
          0.6950026154518127,
          0.08483109623193741,
          0.0,
          0.9026128649711609,
          0.22702158987522125,
          0.6091628670692444
        ],
        "num_images": 106
      },
      "rain": {
        "miou": 0.7216407060623169,
        "class_iou": [
          0.9592847228050232,
          0.8263199329376221,
          0.9087247848510742,
          0.514440655708313,
          0.6220777034759521,
          0.6023997664451599,
          0.7662132382392883,
          0.7439126372337341,
          0.930921733379364,
          0.670494019985199,
          0.9843509793281555,
          0.6926656365394592,
          0.0034762455616146326,
          0.896013081073761,
          0.7523304224014282,
          0.9327453374862671,
          0.7687882781028748,
          0.5119133591651917,
          0.6241007447242737
        ],
        "num_images": 100
      },
      "snow": {
        "miou": 0.7524234652519226,
        "class_iou": [
          0.9480119347572327,
          0.8216750025749207,
          0.8995887637138367,
          0.6722212433815002,
          0.5196539163589478,
          0.6373047828674316,
          0.7764741778373718,
          0.7726908922195435,
          0.9014434814453125,
          0.6332348585128784,
          0.978911817073822,
          0.7719666957855225,
          0.12690354883670807,
          0.8964769840240479,
          0.8513726592063904,
          0.7812718152999878,
          0.9328320622444153,
          0.7255041003227234,
          0.6485075950622559
        ],
        "num_images": 100
      }
    }
  },
  "normal": {
    "split": "normal",
    "condition": null,
    "source_csv": "normal.csv",
    "csv_split_filter": "val",
    "num_samples": 203,
    "miou": 0.7040935158729553,
    "class_iou": {
      "road": 0.9635369181632996,
      "sidewalk": 0.8508430123329163,
      "building": 0.8948569297790527,
      "wall": 0.5857604742050171,
      "fence": 0.548228919506073,
      "pole": 0.5862629413604736,
      "traffic_light": 0.7246585488319397,
      "traffic_sign": 0.6584428548812866,
      "vegetation": 0.8822275996208191,
      "terrain": 0.4334050714969635,
      "sky": 0.9782260656356812,
      "person": 0.6640963554382324,
      "rider": 0.4789178967475891,
      "car": 0.8439963459968567,
      "truck": 0.36891111731529236,
      "bus": 0.9204842448234558,
      "train": 0.8160743713378906,
      "motorcycle": 0.441235214471817,
      "bicycle": 0.7376112937927246
    },
    "condition_results": {
      "normal": {
        "miou": 0.7040935158729553,
        "class_iou": [
          0.9635369181632996,
          0.8508430123329163,
          0.8948569297790527,
          0.5857604742050171,
          0.548228919506073,
          0.5862629413604736,
          0.7246585488319397,
          0.6584428548812866,
          0.8822275996208191,
          0.4334050714969635,
          0.9782260656356812,
          0.6640963554382324,
          0.4789178967475891,
          0.8439963459968567,
          0.36891111731529236,
          0.9204842448234558,
          0.8160743713378906,
          0.441235214471817,
          0.7376112937927246
        ],
        "num_images": 203
      }
    }
  },
  "comparison": {
    "normal_minus_main_miou": -0.02053964138031006,
    "main_minus_normal_miou": 0.02053964138031006
  }
}