{
  "task": "evaluate",
  "created_at": "2026-06-10 05:22:04",
  "config_path": "outputs/tmp_configs/augmentation/jitter_snow.yaml",
  "checkpoint": "outputs/checkpoints/augmentation/jitter_snow/best_miou.pth",
  "checkpoint_epoch": 43,
  "checkpoint_best_miou": 0.7466575503349304,
  "main": {
    "split": "val",
    "condition": "snow",
    "source_csv": "val.csv",
    "csv_split_filter": null,
    "num_samples": 100,
    "miou": 0.7466575503349304,
    "class_iou": {
      "road": 0.9464274048805237,
      "sidewalk": 0.8072912096977234,
      "building": 0.8951007127761841,
      "wall": 0.6931052207946777,
      "fence": 0.5191066265106201,
      "pole": 0.6253132820129395,
      "traffic_light": 0.7769345045089722,
      "traffic_sign": 0.7346716523170471,
      "vegetation": 0.9002813100814819,
      "terrain": 0.6092866659164429,
      "sky": 0.9787536263465881,
      "person": 0.7831053733825684,
      "rider": 0.13818182051181793,
      "car": 0.8952147364616394,
      "truck": 0.8705096244812012,
      "bus": 0.8151230812072754,
      "train": 0.9243067502975464,
      "motorcycle": 0.617027997970581,
      "bicycle": 0.6567516326904297
    },
    "condition_results": {
      "snow": {
        "miou": 0.7466575503349304,
        "class_iou": [
          0.9464274048805237,
          0.8072912096977234,
          0.8951007127761841,
          0.6931052207946777,
          0.5191066265106201,
          0.6253132820129395,
          0.7769345045089722,
          0.7346716523170471,
          0.9002813100814819,
          0.6092866659164429,
          0.9787536263465881,
          0.7831053733825684,
          0.13818182051181793,
          0.8952147364616394,
          0.8705096244812012,
          0.8151230812072754,
          0.9243067502975464,
          0.617027997970581,
          0.6567516326904297
        ],
        "num_images": 100
      }
    }
  },
  "normal": null,
  "comparison": null
}