{
  "task": "evaluate",
  "created_at": "2026-06-09 13:24:07",
  "config_path": "outputs/tmp_configs/augmentation/fog_haze_fog.yaml",
  "checkpoint": "outputs/checkpoints/augmentation/fog_haze_fog/best_miou.pth",
  "checkpoint_epoch": 26,
  "checkpoint_best_miou": 0.793218731880188,
  "main": {
    "split": "val",
    "condition": "fog",
    "source_csv": "val.csv",
    "csv_split_filter": null,
    "num_samples": 100,
    "miou": 0.793218731880188,
    "class_iou": {
      "road": 0.9768261313438416,
      "sidewalk": 0.8845338821411133,
      "building": 0.9074199795722961,
      "wall": 0.7531481385231018,
      "fence": 0.5314715504646301,
      "pole": 0.689061164855957,
      "traffic_light": 0.7803342938423157,
      "traffic_sign": 0.7031933665275574,
      "vegetation": 0.9099613428115845,
      "terrain": 0.6263282895088196,
      "sky": 0.9827528595924377,
      "person": 0.6603683233261108,
      "rider": 0.665119469165802,
      "car": 0.8894943594932556,
      "truck": 0.8630419969558716,
      "bus": 0.9784241318702698,
      "train": 0.9337839484214783,
      "motorcycle": 0.6621038913726807,
      "bicycle": 0.6737880706787109
    },
    "condition_results": {
      "fog": {
        "miou": 0.793218731880188,
        "class_iou": [
          0.9768261313438416,
          0.8845338821411133,
          0.9074199795722961,
          0.7531481385231018,
          0.5314715504646301,
          0.689061164855957,
          0.7803342938423157,
          0.7031933665275574,
          0.9099613428115845,
          0.6263282895088196,
          0.9827528595924377,
          0.6603683233261108,
          0.665119469165802,
          0.8894943594932556,
          0.8630419969558716,
          0.9784241318702698,
          0.9337839484214783,
          0.6621038913726807,
          0.6737880706787109
        ],
        "num_images": 100
      }
    }
  },
  "normal": null,
  "comparison": null
}