{
  "task": "evaluate",
  "created_at": "2026-05-18 18:47:47",
  "config_path": "configs/night.yaml",
  "checkpoint": "outputs/checkpoints/night_retinexformer/best_miou.pth",
  "split": "val",
  "condition": "night",
  "num_samples": 106,
  "miou": 0.3207530379295349,
  "class_iou": {
    "road": 0.888909101486206,
    "sidewalk": 0.6074806451797485,
    "building": 0.6974512934684753,
    "wall": 0.2519300878047943,
    "fence": 0.22526153922080994,
    "pole": 0.41219234466552734,
    "traffic_light": 0.23825952410697937,
    "traffic_sign": 0.1576467603445053,
    "vegetation": 0.6292418241500854,
    "terrain": 0.10240110754966736,
    "sky": 0.7617387175559998,
    "person": 0.07792207598686218,
    "rider": 0.00034794711973518133,
    "car": 0.36972475051879883,
    "truck": 0.0,
    "bus": 0.0,
    "train": 0.5627099871635437,
    "motorcycle": 0.0,
    "bicycle": 0.11108995229005814
  },
  "condition_results": {
    "night": {
      "miou": 0.3207530379295349,
      "class_iou": [
        0.888909101486206,
        0.6074806451797485,
        0.6974512934684753,
        0.2519300878047943,
        0.22526153922080994,
        0.41219234466552734,
        0.23825952410697937,
        0.1576467603445053,
        0.6292418241500854,
        0.10240110754966736,
        0.7617387175559998,
        0.07792207598686218,
        0.00034794711973518133,
        0.36972475051879883,
        0.0,
        0.0,
        0.5627099871635437,
        0.0,
        0.11108995229005814
      ],
      "num_images": 106
    }
  }
}