{
  "task": "evaluate",
  "created_at": "2026-06-14 22:51:17",
  "config_path": "outputs/tmp_configs/ablations/01_baseline_segformer.yaml",
  "checkpoint": "outputs/checkpoints/ablations/01_baseline_segformer/best_miou.pth",
  "checkpoint_epoch": 56,
  "checkpoint_best_miou": 0.7217376828193665,
  "main": {
    "split": "val",
    "condition": null,
    "source_csv": "val.csv",
    "csv_split_filter": null,
    "num_samples": 406,
    "miou": 0.7217633128166199,
    "class_iou": {
      "road": 0.9594787359237671,
      "sidewalk": 0.818373441696167,
      "building": 0.882668137550354,
      "wall": 0.6041565537452698,
      "fence": 0.508061408996582,
      "pole": 0.6319738030433655,
      "traffic_light": 0.7630460858345032,
      "traffic_sign": 0.6480492353439331,
      "vegetation": 0.8752167224884033,
      "terrain": 0.5548165440559387,
      "sky": 0.9558912515640259,
      "person": 0.6480568051338196,
      "rider": 0.2777390480041504,
      "car": 0.8850389122962952,
      "truck": 0.8171241283416748,
      "bus": 0.8990651965141296,
      "train": 0.9023950099945068,
      "motorcycle": 0.4940275251865387,
      "bicycle": 0.5883243083953857
    },
    "condition_results": {
      "fog": {
        "miou": 0.8036502003669739,
        "class_iou": [
          0.9817463755607605,
          0.8911463618278503,
          0.9131674766540527,
          0.7775598764419556,
          0.5751327872276306,
          0.7144511342048645,
          0.8073471188545227,
          0.758995532989502,
          0.9177883863449097,
          0.6703664660453796,
          0.9839892387390137,
          0.6463587880134583,
          0.6780774593353271,
          0.8984062075614929,
          0.8659035563468933,
          0.969991147518158,
          0.9435284733772278,
          0.6240538954734802,
          0.6513438820838928
        ],
        "num_images": 100
      },
      "night": {
        "miou": 0.5290247201919556,
        "class_iou": [
          0.9519011378288269,
          0.781048059463501,
          0.8232480883598328,
          0.5286093354225159,
          0.5111282467842102,
          0.5538985133171082,
          0.6183329820632935,
          0.45025673508644104,
          0.7300808429718018,
          0.1461406946182251,
          0.830172061920166,
          0.4943680465221405,
          0.24505682289600372,
          0.7162836790084839,
          0.003973953891545534,
          0.0,
          0.8937715888023376,
          0.19496260583400726,
          0.5782371759414673
        ],
        "num_images": 106
      },
      "rain": {
        "miou": 0.702996015548706,
        "class_iou": [
          0.956789493560791,
          0.8130825757980347,
          0.9149071574211121,
          0.42839890718460083,
          0.4531920850276947,
          0.6101062297821045,
          0.7760741114616394,
          0.7492002248764038,
          0.9340490102767944,
          0.6852563619613647,
          0.9851764440536499,
          0.6721979379653931,
          0.0,
          0.8995183706283569,
          0.6693248748779297,
          0.936758279800415,
          0.7717130184173584,
          0.49230462312698364,
          0.6088745594024658
        ],
        "num_images": 100
      },
      "snow": {
        "miou": 0.7476648092269897,
        "class_iou": [
          0.9529856443405151,
          0.8249025940895081,
          0.9027400016784668,
          0.6845267415046692,
          0.49968093633651733,
          0.6401854753494263,
          0.7755351662635803,
          0.7736520767211914,
          0.9029913544654846,
          0.6526378393173218,
          0.9797326922416687,
          0.7661280035972595,
          0.04835820943117142,
          0.9078677892684937,
          0.8550853133201599,
          0.7935500741004944,
          0.9335615634918213,
          0.7019293308258057,
          0.6095802187919617
        ],
        "num_images": 100
      }
    }
  },
  "normal": {
    "split": "normal",
    "condition": null,
    "source_csv": "normal.csv",
    "csv_split_filter": "val",
    "num_samples": 203,
    "miou": 0.6943042874336243,
    "class_iou": {
      "road": 0.9619544744491577,
      "sidewalk": 0.8521174192428589,
      "building": 0.8934500217437744,
      "wall": 0.6025920510292053,
      "fence": 0.5448377132415771,
      "pole": 0.5916377305984497,
      "traffic_light": 0.7366458177566528,
      "traffic_sign": 0.6561770439147949,
      "vegetation": 0.8783861398696899,
      "terrain": 0.37689444422721863,
      "sky": 0.9782072305679321,
      "person": 0.6779587268829346,
      "rider": 0.38731130957603455,
      "car": 0.84813392162323,
      "truck": 0.3764127194881439,
      "bus": 0.9161012172698975,
      "train": 0.7555553317070007,
      "motorcycle": 0.4208119809627533,
      "bicycle": 0.7365959882736206
    },
    "condition_results": {
      "normal": {
        "miou": 0.6943042874336243,
        "class_iou": [
          0.9619544744491577,
          0.8521174192428589,
          0.8934500217437744,
          0.6025920510292053,
          0.5448377132415771,
          0.5916377305984497,
          0.7366458177566528,
          0.6561770439147949,
          0.8783861398696899,
          0.37689444422721863,
          0.9782072305679321,
          0.6779587268829346,
          0.38731130957603455,
          0.84813392162323,
          0.3764127194881439,
          0.9161012172698975,
          0.7555553317070007,
          0.4208119809627533,
          0.7365959882736206
        ],
        "num_images": 203
      }
    }
  },
  "comparison": {
    "normal_minus_main_miou": -0.027459025382995605,
    "main_minus_normal_miou": 0.027459025382995605
  }
}