{
  "config": "configs/baseline.yaml",
  "checkpoint": "outputs/checkpoints/baseline/best_miou.pth",
  "group": "baseline",
  "experiment": "baseline",
  "split": "val",
  "condition": "none",
  "num_images": 406,
  "miou_from_selected_samples": 0.4719030299924867,
  "mean_pixel_error_rate": 0.10464200184177641,
  "mean_boundary_error_rate": 0.3492774589837648,
  "mean_dynamic_to_background_error_rate": 0.2295064345100885,
  "class_iou_from_selected_samples": {
    "road": 0.9061400033514687,
    "sidewalk": 0.6793693959532083,
    "building": 0.7864325426111131,
    "wall": 0.40951134590832416,
    "fence": 0.29276101699867974,
    "pole": 0.48912204788094465,
    "traffic_light": 0.5032448334335127,
    "traffic_sign": 0.35311094269347415,
    "vegetation": 0.8225412155833463,
    "terrain": 0.41416030889234,
    "sky": 0.9402259796086355,
    "person": 0.23178932435717814,
    "rider": 0.00687892168254706,
    "car": 0.6957984685564167,
    "truck": 0.1737173139924855,
    "bus": 0.4125868755188369,
    "train": 0.6418847034763699,
    "motorcycle": 0.05284357273123958,
    "bicycle": 0.15403875662712596
  },
  "outputs": {
    "per_image_errors": "outputs/analysis/baseline/per_image_errors.csv",
    "class_error_summary": "outputs/analysis/baseline/class_error_summary.csv",
    "top_confusion_pairs": "outputs/analysis/baseline/top_confusion_pairs.csv",
    "confusion_matrix": "outputs/analysis/baseline/confusion_matrix.csv",
    "plots": "outputs/analysis/baseline/plots",
    "examples": "outputs/analysis/baseline/examples"
  }
}