{
  "task": "evaluate",
  "created_at": "2026-06-10 03:56:22",
  "config_path": "outputs/tmp_configs/augmentation/jitter.yaml",
  "checkpoint": "outputs/checkpoints/augmentation/jitter/best_miou.pth",
  "checkpoint_epoch": 43,
  "checkpoint_best_miou": 0.7219398021697998,
  "main": {
    "split": "val",
    "condition": null,
    "source_csv": "val.csv",
    "csv_split_filter": null,
    "num_samples": 406,
    "miou": 0.7219398021697998,
    "class_iou": {
      "road": 0.9577590227127075,
      "sidewalk": 0.8135942220687866,
      "building": 0.8719469308853149,
      "wall": 0.5736919045448303,
      "fence": 0.503778874874115,
      "pole": 0.6254565119743347,
      "traffic_light": 0.7692772150039673,
      "traffic_sign": 0.637641191482544,
      "vegetation": 0.8702945709228516,
      "terrain": 0.5355184078216553,
      "sky": 0.95309978723526,
      "person": 0.6620591282844543,
      "rider": 0.30152931809425354,
      "car": 0.8786520957946777,
      "truck": 0.8461042046546936,
      "bus": 0.903359055519104,
      "train": 0.8938212394714355,
      "motorcycle": 0.5172889232635498,
      "bicycle": 0.6019824743270874
    },
    "condition_results": {
      "fog": {
        "miou": 0.8019667863845825,
        "class_iou": [
          0.9787616729736328,
          0.8815672993659973,
          0.910948634147644,
          0.7580390572547913,
          0.5600658655166626,
          0.7147164940834045,
          0.8024191856384277,
          0.7390851378440857,
          0.9138215184211731,
          0.6625605225563049,
          0.9833117723464966,
          0.677581250667572,
          0.6938534379005432,
          0.8975359201431274,
          0.8818041682243347,
          0.9727938175201416,
          0.8994000554084778,
          0.6327506303787231,
          0.6763524413108826
        ],
        "num_images": 100
      },
      "night": {
        "miou": 0.5192390084266663,
        "class_iou": [
          0.9501705169677734,
          0.7732860445976257,
          0.7985755801200867,
          0.4622718393802643,
          0.5096211433410645,
          0.5412391424179077,
          0.6487818360328674,
          0.4386831820011139,
          0.7171923518180847,
          0.11042743921279907,
          0.820735514163971,
          0.4973703920841217,
          0.24510861933231354,
          0.6706217527389526,
          0.020386705175042152,
          0.0,
          0.8893436789512634,
          0.17683811485767365,
          0.5948876142501831
        ],
        "num_images": 106
      },
      "rain": {
        "miou": 0.7079218626022339,
        "class_iou": [
          0.9566016793251038,
          0.8161055445671082,
          0.9108269810676575,
          0.4142017662525177,
          0.44310125708580017,
          0.6021474003791809,
          0.7752584218978882,
          0.7333324551582336,
          0.9286754727363586,
          0.6557875871658325,
          0.9843736290931702,
          0.6923614740371704,
          0.0,
          0.9001047015190125,
          0.7478298544883728,
          0.9345189332962036,
          0.7903009057044983,
          0.5590454339981079,
          0.6059423685073853
        ],
        "num_images": 100
      },
      "snow": {
        "miou": 0.7562922835350037,
        "class_iou": [
          0.9510028958320618,
          0.8225513696670532,
          0.8984021544456482,
          0.7014751434326172,
          0.5047287344932556,
          0.6383421421051025,
          0.789517879486084,
          0.7703617811203003,
          0.9012051224708557,
          0.6431379914283752,
          0.9791033267974854,
          0.7780365347862244,
          0.10519125312566757,
          0.9052044749259949,
          0.8745360970497131,
          0.8118093013763428,
          0.9208438992500305,
          0.7667459845542908,
          0.6073575019836426
        ],
        "num_images": 100
      }
    }
  },
  "normal": null,
  "comparison": null
}