{
  "task": "evaluate",
  "created_at": "2026-06-09 14:47:05",
  "config_path": "outputs/tmp_configs/augmentation/rain_streak_rain.yaml",
  "checkpoint": "outputs/checkpoints/augmentation/rain_streak_rain/best_miou.pth",
  "checkpoint_epoch": 43,
  "checkpoint_best_miou": 0.6909350156784058,
  "main": {
    "split": "val",
    "condition": "rain",
    "source_csv": "val.csv",
    "csv_split_filter": null,
    "num_samples": 100,
    "miou": 0.6909350156784058,
    "class_iou": {
      "road": 0.9504998922348022,
      "sidewalk": 0.7967212796211243,
      "building": 0.9077867269515991,
      "wall": 0.40035727620124817,
      "fence": 0.43996936082839966,
      "pole": 0.5985344052314758,
      "traffic_light": 0.7734580636024475,
      "traffic_sign": 0.7275985479354858,
      "vegetation": 0.9304946660995483,
      "terrain": 0.6606674194335938,
      "sky": 0.9845522046089172,
      "person": 0.685077428817749,
      "rider": 0.0060770828276872635,
      "car": 0.8901845812797546,
      "truck": 0.6052510142326355,
      "bus": 0.8887045383453369,
      "train": 0.7353541851043701,
      "motorcycle": 0.5225192308425903,
      "bicycle": 0.6239585280418396
    },
    "condition_results": {
      "rain": {
        "miou": 0.6909350156784058,
        "class_iou": [
          0.9504998922348022,
          0.7967212796211243,
          0.9077867269515991,
          0.40035727620124817,
          0.43996936082839966,
          0.5985344052314758,
          0.7734580636024475,
          0.7275985479354858,
          0.9304946660995483,
          0.6606674194335938,
          0.9845522046089172,
          0.685077428817749,
          0.0060770828276872635,
          0.8901845812797546,
          0.6052510142326355,
          0.8887045383453369,
          0.7353541851043701,
          0.5225192308425903,
          0.6239585280418396
        ],
        "num_images": 100
      }
    }
  },
  "normal": null,
  "comparison": null
}