{
  "config": "configs/trial23.yaml",
  "checkpoint": "outputs/checkpoints/trial23/best_miou.pth",
  "group": "proposed",
  "experiment": "proposed",
  "split": "val",
  "condition": "none",
  "num_images": 406,
  "miou_from_selected_samples": 0.7180740054943102,
  "mean_pixel_error_rate": 0.06176343921101864,
  "mean_boundary_error_rate": 0.2914319207335908,
  "mean_dynamic_to_background_error_rate": 0.11795244413327598,
  "class_iou_from_selected_samples": {
    "road": 0.9612966445939582,
    "sidewalk": 0.8214054222362727,
    "building": 0.8732789504866946,
    "wall": 0.5668827524392108,
    "fence": 0.49373884959870207,
    "pole": 0.6193029723759876,
    "traffic_light": 0.758880912497086,
    "traffic_sign": 0.6471165228175969,
    "vegetation": 0.8732816323888928,
    "terrain": 0.531039514679561,
    "sky": 0.9547700366839409,
    "person": 0.6432599066359086,
    "rider": 0.26923278345116525,
    "car": 0.8655512505408667,
    "truck": 0.7978562687897511,
    "bus": 0.9100749532920321,
    "train": 0.907029915748464,
    "motorcycle": 0.5250635066299592,
    "bicycle": 0.6243433085058446
  },
  "outputs": {
    "per_image_errors": "outputs/analysis/proposed/per_image_errors.csv",
    "class_error_summary": "outputs/analysis/proposed/class_error_summary.csv",
    "top_confusion_pairs": "outputs/analysis/proposed/top_confusion_pairs.csv",
    "confusion_matrix": "outputs/analysis/proposed/confusion_matrix.csv",
    "plots": "outputs/analysis/proposed/plots",
    "examples": "outputs/analysis/proposed/examples"
  }
}