{
  "config": "configs/proposed.yaml",
  "checkpoint": "outputs/checkpoints/proposed/best_miou.pth",
  "group": "proposed",
  "experiment": "proposed",
  "split": "val",
  "condition": "none",
  "num_images": 406,
  "miou_from_selected_samples": 0.7210269442790885,
  "mean_pixel_error_rate": 0.06101487085216091,
  "mean_boundary_error_rate": 0.28993917704601324,
  "mean_dynamic_to_background_error_rate": 0.12540329304300474,
  "class_iou_from_selected_samples": {
    "road": 0.9586271442808351,
    "sidewalk": 0.8158673993884269,
    "building": 0.8788398033927941,
    "wall": 0.5823902206066401,
    "fence": 0.5115853933112593,
    "pole": 0.6264197441732843,
    "traffic_light": 0.7666969021749848,
    "traffic_sign": 0.6328746629961375,
    "vegetation": 0.8731371666092769,
    "terrain": 0.5405680384285674,
    "sky": 0.9544974986446226,
    "person": 0.654104845351082,
    "rider": 0.30225756798358133,
    "car": 0.8767687784695064,
    "truck": 0.8368505625410138,
    "bus": 0.8868637776486288,
    "train": 0.9104900425453853,
    "motorcycle": 0.4958581620928306,
    "bicycle": 0.5948142306638254
  },
  "outputs": {
    "per_image_errors": "outputs/analysis/proposed/per_image_errors.csv",
    "class_error_summary": "outputs/analysis/proposed/class_error_summary.csv",
    "top_confusion_pairs": "outputs/analysis/proposed/top_confusion_pairs.csv",
    "confusion_matrix": "outputs/analysis/proposed/confusion_matrix.csv",
    "plots": "outputs/analysis/proposed/plots",
    "examples": "outputs/analysis/proposed/examples"
  }
}