{
  "task": "evaluate",
  "created_at": "2026-05-18 13:09:01",
  "config_path": "configs/night.yaml",
  "checkpoint": "outputs/checkpoints/night_clahe/best_miou.pth",
  "split": "val",
  "condition": "night",
  "num_samples": 106,
  "miou": 0.31035035848617554,
  "class_iou": {
    "road": 0.8792085647583008,
    "sidewalk": 0.5973250865936279,
    "building": 0.6801307201385498,
    "wall": 0.25329917669296265,
    "fence": 0.19176334142684937,
    "pole": 0.37090739607810974,
    "traffic_light": 0.24730262160301208,
    "traffic_sign": 0.12930038571357727,
    "vegetation": 0.6026511788368225,
    "terrain": 0.098167285323143,
    "sky": 0.7419151067733765,
    "person": 0.08192608505487442,
    "rider": 0.0,
    "car": 0.3717495799064636,
    "truck": 0.0,
    "bus": 0.0,
    "train": 0.5267862677574158,
    "motorcycle": 0.0,
    "bicycle": 0.12422443181276321
  },
  "condition_results": {
    "night": {
      "miou": 0.31035035848617554,
      "class_iou": [
        0.8792085647583008,
        0.5973250865936279,
        0.6801307201385498,
        0.25329917669296265,
        0.19176334142684937,
        0.37090739607810974,
        0.24730262160301208,
        0.12930038571357727,
        0.6026511788368225,
        0.098167285323143,
        0.7419151067733765,
        0.08192608505487442,
        0.0,
        0.3717495799064636,
        0.0,
        0.0,
        0.5267862677574158,
        0.0,
        0.12422443181276321
      ],
      "num_images": 106
    }
  }
}