{
  "task": "evaluate",
  "created_at": "2026-05-19 14:10:28",
  "config_path": "outputs/checkpoints/night_clahe/config.yaml",
  "checkpoint": "outputs/checkpoints/night_clahe/best_miou.pth",
  "split": "val",
  "condition": "night",
  "num_samples": 106,
  "miou": 0.3301224410533905,
  "class_iou": {
    "road": 0.8920647501945496,
    "sidewalk": 0.6133922934532166,
    "building": 0.6932135224342346,
    "wall": 0.273026704788208,
    "fence": 0.21677251160144806,
    "pole": 0.41283199191093445,
    "traffic_light": 0.2674700915813446,
    "traffic_sign": 0.14724485576152802,
    "vegetation": 0.6317434906959534,
    "terrain": 0.10636591911315918,
    "sky": 0.7702191472053528,
    "person": 0.0983501598238945,
    "rider": 0.0,
    "car": 0.39402830600738525,
    "truck": 0.0,
    "bus": 0.0,
    "train": 0.6077263951301575,
    "motorcycle": 0.0,
    "bicycle": 0.14787617325782776
  },
  "condition_results": {
    "night": {
      "miou": 0.3301224410533905,
      "class_iou": [
        0.8920647501945496,
        0.6133922934532166,
        0.6932135224342346,
        0.273026704788208,
        0.21677251160144806,
        0.41283199191093445,
        0.2674700915813446,
        0.14724485576152802,
        0.6317434906959534,
        0.10636591911315918,
        0.7702191472053528,
        0.0983501598238945,
        0.0,
        0.39402830600738525,
        0.0,
        0.0,
        0.6077263951301575,
        0.0,
        0.14787617325782776
      ],
      "num_images": 106
    }
  }
}