{
  "task": "evaluate",
  "created_at": "2026-05-21 02:31:32",
  "config_path": "configs/night.yaml",
  "checkpoint": "outputs/checkpoints/night_freq_aug/best_miou.pth",
  "split": "val",
  "condition": "night",
  "num_samples": 106,
  "miou": 0.31817829608917236,
  "class_iou": {
    "road": 0.8849685788154602,
    "sidewalk": 0.6027837991714478,
    "building": 0.697858452796936,
    "wall": 0.26035669445991516,
    "fence": 0.21189501881599426,
    "pole": 0.40977323055267334,
    "traffic_light": 0.28623101115226746,
    "traffic_sign": 0.1356177031993866,
    "vegetation": 0.6244576573371887,
    "terrain": 0.10040160268545151,
    "sky": 0.7605341076850891,
    "person": 0.05600092560052872,
    "rider": 0.0,
    "car": 0.354228138923645,
    "truck": 0.0,
    "bus": 0.0,
    "train": 0.5904211401939392,
    "motorcycle": 0.0,
    "bicycle": 0.0698598325252533
  },
  "condition_results": {
    "night": {
      "miou": 0.31817829608917236,
      "class_iou": [
        0.8849685788154602,
        0.6027837991714478,
        0.697858452796936,
        0.26035669445991516,
        0.21189501881599426,
        0.40977323055267334,
        0.28623101115226746,
        0.1356177031993866,
        0.6244576573371887,
        0.10040160268545151,
        0.7605341076850891,
        0.05600092560052872,
        0.0,
        0.354228138923645,
        0.0,
        0.0,
        0.5904211401939392,
        0.0,
        0.0698598325252533
      ],
      "num_images": 106
    }
  }
}