{
  "config": "outputs/tmp_configs/enhancement/clahe.yaml",
  "checkpoint": "outputs/checkpoints/enhancement/clahe/best_miou.pth",
  "group": "enhancement",
  "experiment": "clahe",
  "split": "val",
  "condition": "none",
  "num_images": 406,
  "miou_from_selected_samples": 0.7231928580601751,
  "mean_pixel_error_rate": 0.060791447072216113,
  "mean_boundary_error_rate": 0.2881587797743261,
  "mean_dynamic_to_background_error_rate": 0.123698963950274,
  "class_iou_from_selected_samples": {
    "road": 0.9602061425241051,
    "sidewalk": 0.8181846267537144,
    "building": 0.8792073216425301,
    "wall": 0.5965756001203325,
    "fence": 0.5107167252860477,
    "pole": 0.6307294609900085,
    "traffic_light": 0.763195378942008,
    "traffic_sign": 0.6437087268075162,
    "vegetation": 0.8719841257778805,
    "terrain": 0.5379023812058066,
    "sky": 0.9534800481652682,
    "person": 0.6553600725613904,
    "rider": 0.3249327134817715,
    "car": 0.877985644355921,
    "truck": 0.8302375101501489,
    "bus": 0.8788919073461616,
    "train": 0.9070748071668352,
    "motorcycle": 0.5115530505395876,
    "bicycle": 0.5887380593262946
  },
  "outputs": {
    "per_image_errors": "outputs/analysis/enhancement/clahe/per_image_errors.csv",
    "class_error_summary": "outputs/analysis/enhancement/clahe/class_error_summary.csv",
    "top_confusion_pairs": "outputs/analysis/enhancement/clahe/top_confusion_pairs.csv",
    "confusion_matrix": "outputs/analysis/enhancement/clahe/confusion_matrix.csv",
    "plots": "outputs/analysis/enhancement/clahe/plots",
    "examples": "outputs/analysis/enhancement/clahe/examples"
  }
}