{
  "task": "evaluate",
  "created_at": "2026-05-19 14:11:22",
  "config_path": "outputs/checkpoints/night_sci/config.yaml",
  "checkpoint": "outputs/checkpoints/night_sci/best_miou.pth",
  "split": "val",
  "condition": "night",
  "num_samples": 106,
  "miou": 0.31704577803611755,
  "class_iou": {
    "road": 0.892718493938446,
    "sidewalk": 0.6135954856872559,
    "building": 0.6987097263336182,
    "wall": 0.2633178234100342,
    "fence": 0.2221377193927765,
    "pole": 0.3982996940612793,
    "traffic_light": 0.19783826172351837,
    "traffic_sign": 0.13258181512355804,
    "vegetation": 0.6372183561325073,
    "terrain": 0.11252184212207794,
    "sky": 0.7766396999359131,
    "person": 0.028227971866726875,
    "rider": 0.0,
    "car": 0.38020333647727966,
    "truck": 0.0,
    "bus": 0.0,
    "train": 0.5613661408424377,
    "motorcycle": 0.0,
    "bicycle": 0.10849302262067795
  },
  "condition_results": {
    "night": {
      "miou": 0.31704577803611755,
      "class_iou": [
        0.892718493938446,
        0.6135954856872559,
        0.6987097263336182,
        0.2633178234100342,
        0.2221377193927765,
        0.3982996940612793,
        0.19783826172351837,
        0.13258181512355804,
        0.6372183561325073,
        0.11252184212207794,
        0.7766396999359131,
        0.028227971866726875,
        0.0,
        0.38020333647727966,
        0.0,
        0.0,
        0.5613661408424377,
        0.0,
        0.10849302262067795
      ],
      "num_images": 106
    }
  }
}