{
  "task": "evaluate",
  "created_at": "2026-05-18 13:42:24",
  "config_path": "configs/night.yaml",
  "checkpoint": "outputs/checkpoints/night_sci/best_miou.pth",
  "split": "val",
  "condition": "night",
  "num_samples": 106,
  "miou": 0.2379787117242813,
  "class_iou": {
    "road": 0.7961937785148621,
    "sidewalk": 0.46654656529426575,
    "building": 0.6225853562355042,
    "wall": 0.17633000016212463,
    "fence": 0.17565453052520752,
    "pole": 0.28347450494766235,
    "traffic_light": 0.07572364062070847,
    "traffic_sign": 0.021734807640314102,
    "vegetation": 0.5769707560539246,
    "terrain": 0.09944036602973938,
    "sky": 0.712234377861023,
    "person": 0.009088932536542416,
    "rider": 0.0,
    "car": 0.3128548562526703,
    "truck": 0.0,
    "bus": 0.0,
    "train": 0.1898995339870453,
    "motorcycle": 0.0,
    "bicycle": 0.002863602014258504
  },
  "condition_results": {
    "night": {
      "miou": 0.2379787117242813,
      "class_iou": [
        0.7961937785148621,
        0.46654656529426575,
        0.6225853562355042,
        0.17633000016212463,
        0.17565453052520752,
        0.28347450494766235,
        0.07572364062070847,
        0.021734807640314102,
        0.5769707560539246,
        0.09944036602973938,
        0.712234377861023,
        0.009088932536542416,
        0.0,
        0.3128548562526703,
        0.0,
        0.0,
        0.1898995339870453,
        0.0,
        0.002863602014258504
      ],
      "num_images": 106
    }
  }
}