{
  "task": "evaluate",
  "created_at": "2026-06-16 09:55:25",
  "config_path": "outputs/tmp_configs/ablations/09_final_all.yaml",
  "checkpoint": "outputs/checkpoints/ablations/09_final_all/best_miou.pth",
  "checkpoint_epoch": 42,
  "checkpoint_best_miou": 0.7262683510780334,
  "main": {
    "split": "val",
    "condition": null,
    "source_csv": "val.csv",
    "csv_split_filter": null,
    "num_samples": 406,
    "miou": 0.726304829120636,
    "class_iou": {
      "road": 0.9581531882286072,
      "sidewalk": 0.8136170506477356,
      "building": 0.880548894405365,
      "wall": 0.6001826524734497,
      "fence": 0.5100880265235901,
      "pole": 0.625197172164917,
      "traffic_light": 0.768679678440094,
      "traffic_sign": 0.6632856726646423,
      "vegetation": 0.8735809922218323,
      "terrain": 0.5394747853279114,
      "sky": 0.9555935859680176,
      "person": 0.6612884998321533,
      "rider": 0.32314178347587585,
      "car": 0.8743935227394104,
      "truck": 0.8297998309135437,
      "bus": 0.8994932770729065,
      "train": 0.9019737243652344,
      "motorcycle": 0.5138076543807983,
      "bicycle": 0.6074920892715454
    },
    "condition_results": {
      "fog": {
        "miou": 0.8026688098907471,
        "class_iou": [
          0.9789698719978333,
          0.8795544505119324,
          0.9087846279144287,
          0.7745122909545898,
          0.5627712607383728,
          0.713005781173706,
          0.7934859395027161,
          0.7586227655410767,
          0.912055492401123,
          0.6427387595176697,
          0.9833306670188904,
          0.683110237121582,
          0.694039523601532,
          0.8836426138877869,
          0.8573876619338989,
          0.9744201898574829,
          0.9390296936035156,
          0.637096107006073,
          0.6741498708724976
        ],
        "num_images": 100
      },
      "night": {
        "miou": 0.540471613407135,
        "class_iou": [
          0.950870156288147,
          0.7748298048973083,
          0.8268669247627258,
          0.5322452783584595,
          0.5196661353111267,
          0.5287634134292603,
          0.6592608690261841,
          0.49649882316589355,
          0.7364850640296936,
          0.1360749751329422,
          0.8299077749252319,
          0.5159739851951599,
          0.3178882300853729,
          0.6863561272621155,
          0.05161792412400246,
          0.0,
          0.8910109996795654,
          0.21312576532363892,
          0.6015191674232483
        ],
        "num_images": 106
      },
      "rain": {
        "miou": 0.7112857699394226,
        "class_iou": [
          0.9576845169067383,
          0.8120527267456055,
          0.9105339646339417,
          0.40142297744750977,
          0.45944058895111084,
          0.6118220686912537,
          0.7804723381996155,
          0.7450646758079529,
          0.9311115741729736,
          0.6676235198974609,
          0.9846271872520447,
          0.6774596571922302,
          0.007197775412350893,
          0.8996570706367493,
          0.7705020904541016,
          0.9357367157936096,
          0.7696406245231628,
          0.5645238161087036,
          0.6278544664382935
        ],
        "num_images": 100
      },
      "snow": {
        "miou": 0.7471944093704224,
        "class_iou": [
          0.9504179954528809,
          0.8248488306999207,
          0.8963037133216858,
          0.6876490712165833,
          0.49774882197380066,
          0.639491856098175,
          0.7803857326507568,
          0.7685429453849792,
          0.9010801911354065,
          0.6441465616226196,
          0.9794838428497314,
          0.7815961241722107,
          0.061838895082473755,
          0.8968338966369629,
          0.8504287600517273,
          0.795571506023407,
          0.9376658201217651,
          0.704943060874939,
          0.5977160334587097
        ],
        "num_images": 100
      }
    }
  },
  "normal": {
    "split": "normal",
    "condition": null,
    "source_csv": "normal.csv",
    "csv_split_filter": "val",
    "num_samples": 203,
    "miou": 0.7036983370780945,
    "class_iou": {
      "road": 0.9585703611373901,
      "sidewalk": 0.8430630564689636,
      "building": 0.894400954246521,
      "wall": 0.6206908822059631,
      "fence": 0.5471503138542175,
      "pole": 0.6020598411560059,
      "traffic_light": 0.7356045842170715,
      "traffic_sign": 0.665329098701477,
      "vegetation": 0.8776710629463196,
      "terrain": 0.37742939591407776,
      "sky": 0.9769079685211182,
      "person": 0.6746453642845154,
      "rider": 0.4675772190093994,
      "car": 0.8401595950126648,
      "truck": 0.36085376143455505,
      "bus": 0.9209861159324646,
      "train": 0.8052528500556946,
      "motorcycle": 0.47908446192741394,
      "bicycle": 0.7228297591209412
    },
    "condition_results": {
      "normal": {
        "miou": 0.7036983370780945,
        "class_iou": [
          0.9585703611373901,
          0.8430630564689636,
          0.894400954246521,
          0.6206908822059631,
          0.5471503138542175,
          0.6020598411560059,
          0.7356045842170715,
          0.665329098701477,
          0.8776710629463196,
          0.37742939591407776,
          0.9769079685211182,
          0.6746453642845154,
          0.4675772190093994,
          0.8401595950126648,
          0.36085376143455505,
          0.9209861159324646,
          0.8052528500556946,
          0.47908446192741394,
          0.7228297591209412
        ],
        "num_images": 203
      }
    }
  },
  "comparison": {
    "normal_minus_main_miou": -0.022606492042541504,
    "main_minus_normal_miou": 0.022606492042541504
  }
}