{
  "task": "evaluate",
  "created_at": "2026-05-21 11:58:05",
  "config_path": "configs/night.yaml",
  "checkpoint": "outputs/checkpoints/night_rgb_lowfreq/best_miou.pth",
  "split": "val",
  "condition": "night",
  "num_samples": 106,
  "miou": 0.32102054357528687,
  "class_iou": {
    "road": 0.8957286477088928,
    "sidewalk": 0.6199835538864136,
    "building": 0.6929699182510376,
    "wall": 0.2641564905643463,
    "fence": 0.19088315963745117,
    "pole": 0.40569955110549927,
    "traffic_light": 0.26978665590286255,
    "traffic_sign": 0.15508921444416046,
    "vegetation": 0.626695990562439,
    "terrain": 0.10129701346158981,
    "sky": 0.7681459784507751,
    "person": 0.09046334773302078,
    "rider": 0.0,
    "car": 0.38405847549438477,
    "truck": 0.0,
    "bus": 0.0,
    "train": 0.5620203614234924,
    "motorcycle": 0.0,
    "bicycle": 0.0724124014377594
  },
  "condition_results": {
    "night": {
      "miou": 0.32102054357528687,
      "class_iou": [
        0.8957286477088928,
        0.6199835538864136,
        0.6929699182510376,
        0.2641564905643463,
        0.19088315963745117,
        0.40569955110549927,
        0.26978665590286255,
        0.15508921444416046,
        0.626695990562439,
        0.10129701346158981,
        0.7681459784507751,
        0.09046334773302078,
        0.0,
        0.38405847549438477,
        0.0,
        0.0,
        0.5620203614234924,
        0.0,
        0.0724124014377594
      ],
      "num_images": 106
    }
  }
}