{
  "task": "evaluate",
  "created_at": "2026-05-21 12:59:51",
  "config_path": "configs/night.yaml",
  "checkpoint": "outputs/checkpoints/night_rgb_low_high_freq/best_miou.pth",
  "split": "val",
  "condition": "night",
  "num_samples": 106,
  "miou": 0.3199668228626251,
  "class_iou": {
    "road": 0.8929973244667053,
    "sidewalk": 0.621718168258667,
    "building": 0.691726803779602,
    "wall": 0.2721393406391144,
    "fence": 0.2103128433227539,
    "pole": 0.3957059979438782,
    "traffic_light": 0.26714643836021423,
    "traffic_sign": 0.12888726592063904,
    "vegetation": 0.6267679333686829,
    "terrain": 0.10535268485546112,
    "sky": 0.7688310742378235,
    "person": 0.041933633387088776,
    "rider": 0.0,
    "car": 0.38280826807022095,
    "truck": 0.0,
    "bus": 0.0,
    "train": 0.5725967288017273,
    "motorcycle": 0.0,
    "bicycle": 0.10044503957033157
  },
  "condition_results": {
    "night": {
      "miou": 0.3199668228626251,
      "class_iou": [
        0.8929973244667053,
        0.621718168258667,
        0.691726803779602,
        0.2721393406391144,
        0.2103128433227539,
        0.3957059979438782,
        0.26714643836021423,
        0.12888726592063904,
        0.6267679333686829,
        0.10535268485546112,
        0.7688310742378235,
        0.041933633387088776,
        0.0,
        0.38280826807022095,
        0.0,
        0.0,
        0.5725967288017273,
        0.0,
        0.10044503957033157
      ],
      "num_images": 106
    }
  }
}