{
  "task": "evaluate",
  "created_at": "2026-06-10 04:49:04",
  "config_path": "outputs/tmp_configs/augmentation/jitter_rain.yaml",
  "checkpoint": "outputs/checkpoints/augmentation/jitter_rain/best_miou.pth",
  "checkpoint_epoch": 22,
  "checkpoint_best_miou": 0.6859309077262878,
  "main": {
    "split": "val",
    "condition": "rain",
    "source_csv": "val.csv",
    "csv_split_filter": null,
    "num_samples": 100,
    "miou": 0.6859309077262878,
    "class_iou": {
      "road": 0.9430664777755737,
      "sidewalk": 0.775246798992157,
      "building": 0.9077224135398865,
      "wall": 0.3955611288547516,
      "fence": 0.4248330295085907,
      "pole": 0.5870519280433655,
      "traffic_light": 0.7630545496940613,
      "traffic_sign": 0.7220811247825623,
      "vegetation": 0.9277564287185669,
      "terrain": 0.6394356489181519,
      "sky": 0.9842846393585205,
      "person": 0.6928936839103699,
      "rider": 0.007597027346491814,
      "car": 0.8887701630592346,
      "truck": 0.5787290930747986,
      "bus": 0.9140299558639526,
      "train": 0.756235659122467,
      "motorcycle": 0.4779393970966339,
      "bicycle": 0.6463982462882996
    },
    "condition_results": {
      "rain": {
        "miou": 0.6859309077262878,
        "class_iou": [
          0.9430664777755737,
          0.775246798992157,
          0.9077224135398865,
          0.3955611288547516,
          0.4248330295085907,
          0.5870519280433655,
          0.7630545496940613,
          0.7220811247825623,
          0.9277564287185669,
          0.6394356489181519,
          0.9842846393585205,
          0.6928936839103699,
          0.007597027346491814,
          0.8887701630592346,
          0.5787290930747986,
          0.9140299558639526,
          0.756235659122467,
          0.4779393970966339,
          0.6463982462882996
        ],
        "num_images": 100
      }
    }
  },
  "normal": null,
  "comparison": null
}