{
  "task": "evaluate",
  "created_at": "2026-06-10 04:24:11",
  "config_path": "outputs/tmp_configs/augmentation/jitter_fog.yaml",
  "checkpoint": "outputs/checkpoints/augmentation/jitter_fog/best_miou.pth",
  "checkpoint_epoch": 26,
  "checkpoint_best_miou": 0.7927301526069641,
  "main": {
    "split": "val",
    "condition": "fog",
    "source_csv": "val.csv",
    "csv_split_filter": null,
    "num_samples": 100,
    "miou": 0.7927301526069641,
    "class_iou": {
      "road": 0.9759945273399353,
      "sidewalk": 0.8838791251182556,
      "building": 0.9061475396156311,
      "wall": 0.7547487020492554,
      "fence": 0.518773078918457,
      "pole": 0.6864447593688965,
      "traffic_light": 0.7802910208702087,
      "traffic_sign": 0.7008357048034668,
      "vegetation": 0.909498393535614,
      "terrain": 0.6282261610031128,
      "sky": 0.9824680685997009,
      "person": 0.664966881275177,
      "rider": 0.6721674203872681,
      "car": 0.8885053396224976,
      "truck": 0.8631886839866638,
      "bus": 0.9734828472137451,
      "train": 0.9313602447509766,
      "motorcycle": 0.6658955812454224,
      "bicycle": 0.6749975681304932
    },
    "condition_results": {
      "fog": {
        "miou": 0.7927301526069641,
        "class_iou": [
          0.9759945273399353,
          0.8838791251182556,
          0.9061475396156311,
          0.7547487020492554,
          0.518773078918457,
          0.6864447593688965,
          0.7802910208702087,
          0.7008357048034668,
          0.909498393535614,
          0.6282261610031128,
          0.9824680685997009,
          0.664966881275177,
          0.6721674203872681,
          0.8885053396224976,
          0.8631886839866638,
          0.9734828472137451,
          0.9313602447509766,
          0.6658955812454224,
          0.6749975681304932
        ],
        "num_images": 100
      }
    }
  },
  "normal": null,
  "comparison": null
}