{
  "task": "evaluate",
  "created_at": "2026-06-08 17:37:22",
  "config_path": "outputs/tmp_configs/enhancement/gamma_clahe.yaml",
  "checkpoint": "outputs/checkpoints/enhancement/gamma_clahe/best_miou.pth",
  "checkpoint_epoch": 25,
  "checkpoint_best_miou": 0.7235723733901978,
  "main": {
    "split": "val",
    "condition": null,
    "source_csv": "val.csv",
    "csv_split_filter": null,
    "num_samples": 406,
    "miou": 0.7235723733901978,
    "class_iou": {
      "road": 0.9572412967681885,
      "sidewalk": 0.8116042017936707,
      "building": 0.8763282895088196,
      "wall": 0.5792813897132874,
      "fence": 0.5002472996711731,
      "pole": 0.6243067383766174,
      "traffic_light": 0.7564854621887207,
      "traffic_sign": 0.6366785764694214,
      "vegetation": 0.8722820281982422,
      "terrain": 0.5273584127426147,
      "sky": 0.9549515843391418,
      "person": 0.6663064956665039,
      "rider": 0.3736628293991089,
      "car": 0.8705657720565796,
      "truck": 0.8263564705848694,
      "bus": 0.8809996247291565,
      "train": 0.9047508239746094,
      "motorcycle": 0.501335859298706,
      "bicycle": 0.6271315813064575
    },
    "condition_results": {
      "fog": {
        "miou": 0.7963590025901794,
        "class_iou": [
          0.9764717817306519,
          0.8753654360771179,
          0.9110205769538879,
          0.752953052520752,
          0.5562025904655457,
          0.7191230654716492,
          0.7880181074142456,
          0.7420040965080261,
          0.9154394865036011,
          0.6785052418708801,
          0.9833648800849915,
          0.6819353103637695,
          0.6623560786247253,
          0.8929086327552795,
          0.8633124828338623,
          0.9708994626998901,
          0.9325706362724304,
          0.5933881998062134,
          0.6349816918373108
        ],
        "num_images": 100
      },
      "night": {
        "miou": 0.5285488963127136,
        "class_iou": [
          0.9521581530570984,
          0.7771651148796082,
          0.8133602738380432,
          0.4842073619365692,
          0.49095913767814636,
          0.5269167423248291,
          0.6345981359481812,
          0.43830540776252747,
          0.7290259003639221,
          0.08227593451738358,
          0.8270316123962402,
          0.5192984938621521,
          0.27912190556526184,
          0.6396805047988892,
          0.1137186661362648,
          0.0,
          0.9077412486076355,
          0.19239531457424164,
          0.634468674659729
        ],
        "num_images": 106
      },
      "rain": {
        "miou": 0.7180099487304688,
        "class_iou": [
          0.9562269449234009,
          0.8108774423599243,
          0.9110748171806335,
          0.4035036563873291,
          0.457847535610199,
          0.6082770228385925,
          0.7648257613182068,
          0.7431478500366211,
          0.9287993907928467,
          0.6606545448303223,
          0.9844568967819214,
          0.695765495300293,
          0.2822438180446625,
          0.8944854736328125,
          0.6995391845703125,
          0.9297820329666138,
          0.7650195360183716,
          0.5069998502731323,
          0.6386622786521912
        ],
        "num_images": 100
      },
      "snow": {
        "miou": 0.7429725527763367,
        "class_iou": [
          0.9475034475326538,
          0.8165726661682129,
          0.8956190943717957,
          0.6913162469863892,
          0.5158127546310425,
          0.6384344696998596,
          0.779421865940094,
          0.7727386355400085,
          0.9000437259674072,
          0.6125150918960571,
          0.9792250394821167,
          0.7645587921142578,
          0.05859676003456116,
          0.9020074009895325,
          0.8640448451042175,
          0.7478922009468079,
          0.9248912334442139,
          0.7357221841812134,
          0.5695622563362122
        ],
        "num_images": 100
      }
    }
  },
  "normal": {
    "split": "normal",
    "condition": null,
    "source_csv": "normal.csv",
    "csv_split_filter": "val",
    "num_samples": 203,
    "miou": 0.6900304555892944,
    "class_iou": {
      "road": 0.9618416428565979,
      "sidewalk": 0.8480159044265747,
      "building": 0.8878993988037109,
      "wall": 0.5858924984931946,
      "fence": 0.5430576205253601,
      "pole": 0.5939397811889648,
      "traffic_light": 0.7081098556518555,
      "traffic_sign": 0.6468193531036377,
      "vegetation": 0.872536838054657,
      "terrain": 0.35964134335517883,
      "sky": 0.9771708250045776,
      "person": 0.6512764096260071,
      "rider": 0.394845187664032,
      "car": 0.848015308380127,
      "truck": 0.33292046189308167,
      "bus": 0.9026592373847961,
      "train": 0.8024157285690308,
      "motorcycle": 0.49492791295051575,
      "bicycle": 0.6985931992530823
    },
    "condition_results": {
      "normal": {
        "miou": 0.6900304555892944,
        "class_iou": [
          0.9618416428565979,
          0.8480159044265747,
          0.8878993988037109,
          0.5858924984931946,
          0.5430576205253601,
          0.5939397811889648,
          0.7081098556518555,
          0.6468193531036377,
          0.872536838054657,
          0.35964134335517883,
          0.9771708250045776,
          0.6512764096260071,
          0.394845187664032,
          0.848015308380127,
          0.33292046189308167,
          0.9026592373847961,
          0.8024157285690308,
          0.49492791295051575,
          0.6985931992530823
        ],
        "num_images": 203
      }
    }
  },
  "comparison": {
    "normal_minus_main_miou": -0.03354191780090332,
    "main_minus_normal_miou": 0.03354191780090332
  }
}