{
  "task": "evaluate",
  "created_at": "2026-06-08 20:20:18",
  "config_path": "outputs/tmp_configs/enhancement/gamma.yaml",
  "checkpoint": "outputs/checkpoints/enhancement/gamma/best_miou.pth",
  "checkpoint_epoch": 54,
  "checkpoint_best_miou": 0.7312833666801453,
  "main": {
    "split": "val",
    "condition": null,
    "source_csv": "val.csv",
    "csv_split_filter": null,
    "num_samples": 406,
    "miou": 0.7312833666801453,
    "class_iou": {
      "road": 0.96038818359375,
      "sidewalk": 0.8242615461349487,
      "building": 0.8807336091995239,
      "wall": 0.6049560904502869,
      "fence": 0.5109211206436157,
      "pole": 0.6324468851089478,
      "traffic_light": 0.7710659503936768,
      "traffic_sign": 0.6623539328575134,
      "vegetation": 0.8752678036689758,
      "terrain": 0.556484043598175,
      "sky": 0.9545533061027527,
      "person": 0.6611948609352112,
      "rider": 0.323486328125,
      "car": 0.8801165223121643,
      "truck": 0.8189296126365662,
      "bus": 0.9034793376922607,
      "train": 0.9012596607208252,
      "motorcycle": 0.5393851399421692,
      "bicycle": 0.6330994963645935
    },
    "condition_results": {
      "fog": {
        "miou": 0.7998166084289551,
        "class_iou": [
          0.9788473844528198,
          0.8830868601799011,
          0.9099788069725037,
          0.7618622183799744,
          0.548749566078186,
          0.7173112630844116,
          0.8050407767295837,
          0.756660521030426,
          0.915315568447113,
          0.6761216521263123,
          0.9834007620811462,
          0.6771514415740967,
          0.655519425868988,
          0.8910483121871948,
          0.8610622882843018,
          0.9747293591499329,
          0.919640064239502,
          0.6334160566329956,
          0.6475721001625061
        ],
        "num_images": 100
      },
      "night": {
        "miou": 0.5493453145027161,
        "class_iou": [
          0.9542822241783142,
          0.7907854318618774,
          0.8225270509719849,
          0.5393612384796143,
          0.5197280645370483,
          0.5430356860160828,
          0.6646108031272888,
          0.48447558283805847,
          0.7358771562576294,
          0.153646782040596,
          0.825463056564331,
          0.5234521627426147,
          0.34473755955696106,
          0.7011288404464722,
          0.061080656945705414,
          0.0,
          0.9018447995185852,
          0.23412007093429565,
          0.6374039649963379
        ],
        "num_images": 106
      },
      "rain": {
        "miou": 0.7062207460403442,
        "class_iou": [
          0.9615601897239685,
          0.8267782926559448,
          0.912101149559021,
          0.40294885635375977,
          0.4580194652080536,
          0.6140279173851013,
          0.7735598683357239,
          0.7453724145889282,
          0.930209755897522,
          0.6692476868629456,
          0.9848878383636475,
          0.6803688406944275,
          0.003954445011913776,
          0.8980426788330078,
          0.6617253422737122,
          0.9329807758331299,
          0.7641024589538574,
          0.5522710084915161,
          0.6460349559783936
        ],
        "num_images": 100
      },
      "snow": {
        "miou": 0.7560002207756042,
        "class_iou": [
          0.9512665271759033,
          0.8286975026130676,
          0.9006325006484985,
          0.7028968334197998,
          0.5132829546928406,
          0.6478066444396973,
          0.7876344323158264,
          0.7783682942390442,
          0.903986930847168,
          0.6588201522827148,
          0.979392945766449,
          0.7701154351234436,
          0.0692167580127716,
          0.9055246114730835,
          0.8604061007499695,
          0.8136618137359619,
          0.9260793924331665,
          0.7765079736709595,
          0.5897065997123718
        ],
        "num_images": 100
      }
    }
  },
  "normal": {
    "split": "normal",
    "condition": null,
    "source_csv": "normal.csv",
    "csv_split_filter": "val",
    "num_samples": 203,
    "miou": 0.704251229763031,
    "class_iou": {
      "road": 0.9612252712249756,
      "sidewalk": 0.8484653830528259,
      "building": 0.8911494612693787,
      "wall": 0.5966911911964417,
      "fence": 0.552955687046051,
      "pole": 0.6044597029685974,
      "traffic_light": 0.7375261783599854,
      "traffic_sign": 0.6694052815437317,
      "vegetation": 0.8777511715888977,
      "terrain": 0.3878353536128998,
      "sky": 0.9768713712692261,
      "person": 0.6569688320159912,
      "rider": 0.3990638852119446,
      "car": 0.8414732217788696,
      "truck": 0.4037012755870819,
      "bus": 0.9132843017578125,
      "train": 0.7889492511749268,
      "motorcycle": 0.5485755801200867,
      "bicycle": 0.7244211435317993
    },
    "condition_results": {
      "normal": {
        "miou": 0.704251229763031,
        "class_iou": [
          0.9612252712249756,
          0.8484653830528259,
          0.8911494612693787,
          0.5966911911964417,
          0.552955687046051,
          0.6044597029685974,
          0.7375261783599854,
          0.6694052815437317,
          0.8777511715888977,
          0.3878353536128998,
          0.9768713712692261,
          0.6569688320159912,
          0.3990638852119446,
          0.8414732217788696,
          0.4037012755870819,
          0.9132843017578125,
          0.7889492511749268,
          0.5485755801200867,
          0.7244211435317993
        ],
        "num_images": 203
      }
    }
  },
  "comparison": {
    "normal_minus_main_miou": -0.027032136917114258,
    "main_minus_normal_miou": 0.027032136917114258
  }
}