{
  "task": "evaluate",
  "created_at": "2026-06-09 15:03:33",
  "config_path": "outputs/tmp_configs/augmentation/rain_blur_rain.yaml",
  "checkpoint": "outputs/checkpoints/augmentation/rain_blur_rain/best_miou.pth",
  "checkpoint_epoch": 21,
  "checkpoint_best_miou": 0.6830945014953613,
  "main": {
    "split": "val",
    "condition": "rain",
    "source_csv": "val.csv",
    "csv_split_filter": null,
    "num_samples": 100,
    "miou": 0.6830945014953613,
    "class_iou": {
      "road": 0.9453163743019104,
      "sidewalk": 0.782730221748352,
      "building": 0.9094238877296448,
      "wall": 0.40702351927757263,
      "fence": 0.43508726358413696,
      "pole": 0.5877488851547241,
      "traffic_light": 0.7626348733901978,
      "traffic_sign": 0.727072536945343,
      "vegetation": 0.9286872148513794,
      "terrain": 0.6512202024459839,
      "sky": 0.9843720197677612,
      "person": 0.6911793351173401,
      "rider": 0.007149983197450638,
      "car": 0.886359453201294,
      "truck": 0.5621007680892944,
      "bus": 0.9075617790222168,
      "train": 0.7663921117782593,
      "motorcycle": 0.4648074507713318,
      "bicycle": 0.5719268918037415
    },
    "condition_results": {
      "rain": {
        "miou": 0.6830945014953613,
        "class_iou": [
          0.9453163743019104,
          0.782730221748352,
          0.9094238877296448,
          0.40702351927757263,
          0.43508726358413696,
          0.5877488851547241,
          0.7626348733901978,
          0.727072536945343,
          0.9286872148513794,
          0.6512202024459839,
          0.9843720197677612,
          0.6911793351173401,
          0.007149983197450638,
          0.886359453201294,
          0.5621007680892944,
          0.9075617790222168,
          0.7663921117782593,
          0.4648074507713318,
          0.5719268918037415
        ],
        "num_images": 100
      }
    }
  },
  "normal": null,
  "comparison": null
}