{
  "task": "evaluate",
  "created_at": "2026-06-15 09:40:13",
  "config_path": "outputs/tmp_configs/ablations/04_color_jitter_gamma.yaml",
  "checkpoint": "outputs/checkpoints/ablations/04_color_jitter_gamma/best_miou.pth",
  "checkpoint_epoch": 47,
  "checkpoint_best_miou": 0.7276552319526672,
  "main": {
    "split": "val",
    "condition": null,
    "source_csv": "val.csv",
    "csv_split_filter": null,
    "num_samples": 406,
    "miou": 0.7276605367660522,
    "class_iou": {
      "road": 0.9608368873596191,
      "sidewalk": 0.8221964836120605,
      "building": 0.8793719410896301,
      "wall": 0.591202437877655,
      "fence": 0.5071130394935608,
      "pole": 0.6313979029655457,
      "traffic_light": 0.7717922925949097,
      "traffic_sign": 0.6540791988372803,
      "vegetation": 0.874702513217926,
      "terrain": 0.5374904274940491,
      "sky": 0.9554644227027893,
      "person": 0.6605253219604492,
      "rider": 0.29978474974632263,
      "car": 0.8748637437820435,
      "truck": 0.8372777700424194,
      "bus": 0.8923856019973755,
      "train": 0.9019380807876587,
      "motorcycle": 0.5239672660827637,
      "bicycle": 0.6491602659225464
    },
    "condition_results": {
      "fog": {
        "miou": 0.7940627932548523,
        "class_iou": [
          0.9797077178955078,
          0.8780195116996765,
          0.9111114740371704,
          0.7804619669914246,
          0.550049901008606,
          0.7219207882881165,
          0.8085154294967651,
          0.7436626553535461,
          0.9127591252326965,
          0.6405808925628662,
          0.9835613965988159,
          0.6662366986274719,
          0.6210053563117981,
          0.8839109539985657,
          0.8674783706665039,
          0.9733644127845764,
          0.9314598441123962,
          0.5622641444206238,
          0.6711227297782898
        ],
        "num_images": 100
      },
      "night": {
        "miou": 0.5380752086639404,
        "class_iou": [
          0.9560535550117493,
          0.7900761365890503,
          0.8184986710548401,
          0.4939337372779846,
          0.5211452841758728,
          0.5456770658493042,
          0.6453625559806824,
          0.47408175468444824,
          0.7384142875671387,
          0.11579222232103348,
          0.8303319215774536,
          0.5094168782234192,
          0.32049256563186646,
          0.6782369017601013,
          0.04799589887261391,
          0.0,
          0.8929505944252014,
          0.19211670756340027,
          0.6528521776199341
        ],
        "num_images": 106
      },
      "rain": {
        "miou": 0.7147164344787598,
        "class_iou": [
          0.9612663984298706,
          0.8287113904953003,
          0.9101029634475708,
          0.4207208454608917,
          0.44916924834251404,
          0.6098328232765198,
          0.7814599275588989,
          0.7437334656715393,
          0.9315835237503052,
          0.6738355159759521,
          0.9841895699501038,
          0.6874344944953918,
          0.001513877185061574,
          0.901515781879425,
          0.7423121333122253,
          0.9298657774925232,
          0.8076613545417786,
          0.5650668144226074,
          0.6496359705924988
        ],
        "num_images": 100
      },
      "snow": {
        "miou": 0.7552793622016907,
        "class_iou": [
          0.9495396018028259,
          0.8230050206184387,
          0.9010636806488037,
          0.6986750364303589,
          0.5021714568138123,
          0.6398442387580872,
          0.7881700992584229,
          0.7743871808052063,
          0.901964545249939,
          0.6571171283721924,
          0.9791014194488525,
          0.7786077260971069,
          0.07763023674488068,
          0.9008164405822754,
          0.8706886768341064,
          0.7847339510917664,
          0.9280311465263367,
          0.7794820666313171,
          0.6152777075767517
        ],
        "num_images": 100
      }
    }
  },
  "normal": {
    "split": "normal",
    "condition": null,
    "source_csv": "normal.csv",
    "csv_split_filter": "val",
    "num_samples": 203,
    "miou": 0.7017031311988831,
    "class_iou": {
      "road": 0.959597647190094,
      "sidewalk": 0.844464123249054,
      "building": 0.8919426202774048,
      "wall": 0.5995051860809326,
      "fence": 0.5539886355400085,
      "pole": 0.5979918241500854,
      "traffic_light": 0.7435580492019653,
      "traffic_sign": 0.6569181680679321,
      "vegetation": 0.8772974610328674,
      "terrain": 0.39138513803482056,
      "sky": 0.9765939712524414,
      "person": 0.6659895181655884,
      "rider": 0.4277174770832062,
      "car": 0.8358587026596069,
      "truck": 0.382749080657959,
      "bus": 0.9208035469055176,
      "train": 0.8033524751663208,
      "motorcycle": 0.4635964035987854,
      "bicycle": 0.7390499114990234
    },
    "condition_results": {
      "normal": {
        "miou": 0.7017031311988831,
        "class_iou": [
          0.959597647190094,
          0.844464123249054,
          0.8919426202774048,
          0.5995051860809326,
          0.5539886355400085,
          0.5979918241500854,
          0.7435580492019653,
          0.6569181680679321,
          0.8772974610328674,
          0.39138513803482056,
          0.9765939712524414,
          0.6659895181655884,
          0.4277174770832062,
          0.8358587026596069,
          0.382749080657959,
          0.9208035469055176,
          0.8033524751663208,
          0.4635964035987854,
          0.7390499114990234
        ],
        "num_images": 203
      }
    }
  },
  "comparison": {
    "normal_minus_main_miou": -0.02595740556716919,
    "main_minus_normal_miou": 0.02595740556716919
  }
}