{
  "task": "evaluate",
  "created_at": "2026-06-09 21:44:43",
  "config_path": "configs/baseline.yaml",
  "checkpoint": "outputs/checkpoints/baseline/best_miou.pth",
  "checkpoint_epoch": 41,
  "checkpoint_best_miou": 0.4719030559062958,
  "main": {
    "split": "val",
    "condition": null,
    "source_csv": "val.csv",
    "csv_split_filter": null,
    "num_samples": 406,
    "miou": 0.4719030559062958,
    "class_iou": {
      "road": 0.906140148639679,
      "sidewalk": 0.6793693900108337,
      "building": 0.7864326238632202,
      "wall": 0.40951135754585266,
      "fence": 0.29276102781295776,
      "pole": 0.48912203311920166,
      "traffic_light": 0.5032448172569275,
      "traffic_sign": 0.3531109392642975,
      "vegetation": 0.8225412368774414,
      "terrain": 0.4141603112220764,
      "sky": 0.9402259588241577,
      "person": 0.23178932070732117,
      "rider": 0.006878921762108803,
      "car": 0.6957984566688538,
      "truck": 0.17371731996536255,
      "bus": 0.41258686780929565,
      "train": 0.6418846845626831,
      "motorcycle": 0.052843574434518814,
      "bicycle": 0.15403875708580017
    },
    "condition_results": {
      "fog": {
        "miou": 0.5143163800239563,
        "class_iou": [
          0.9443604946136475,
          0.7739604115486145,
          0.8350059390068054,
          0.5434387922286987,
          0.32120493054389954,
          0.5421930551528931,
          0.46656402945518494,
          0.3682025372982025,
          0.8780835866928101,
          0.5709231495857239,
          0.9803791642189026,
          0.24351570010185242,
          0.020918939262628555,
          0.7240427732467651,
          0.2397487908601761,
          0.5615673661231995,
          0.5816389322280884,
          0.0161331407725811,
          0.1601293683052063
        ],
        "num_images": 100
      },
      "night": {
        "miou": 0.36277735233306885,
        "class_iou": [
          0.9074781537055969,
          0.6650077700614929,
          0.7104089260101318,
          0.3131576180458069,
          0.3097127676010132,
          0.4404793679714203,
          0.3270203769207001,
          0.21965189278125763,
          0.6387800574302673,
          0.12966831028461456,
          0.7600610852241516,
          0.1510167419910431,
          0.005443822592496872,
          0.49189189076423645,
          0.0034936063457280397,
          0.0,
          0.5962618589401245,
          0.06707526743412018,
          0.15616007149219513
        ],
        "num_images": 106
      },
      "rain": {
        "miou": 0.4735568165779114,
        "class_iou": [
          0.8726518154144287,
          0.6240636110305786,
          0.8146231174468994,
          0.31235864758491516,
          0.225912943482399,
          0.4883877635002136,
          0.5153191685676575,
          0.43339842557907104,
          0.9036073684692383,
          0.5417835712432861,
          0.9832202196121216,
          0.27499303221702576,
          0.0,
          0.7189352512359619,
          0.08541683852672577,
          0.48563775420188904,
          0.4908645749092102,
          0.017353292554616928,
          0.2090519368648529
        ],
        "num_images": 100
      },
      "snow": {
        "miou": 0.49377861618995667,
        "class_iou": [
          0.8971452116966248,
          0.6776700019836426,
          0.8138682842254639,
          0.5001840591430664,
          0.30576395988464355,
          0.48060184717178345,
          0.651343047618866,
          0.4519248306751251,
          0.8618947267532349,
          0.367561012506485,
          0.9750872254371643,
          0.2668493986129761,
          0.0,
          0.7173720598220825,
          0.1732865571975708,
          0.31367120146751404,
          0.7630890011787415,
          0.06965239346027374,
          0.09482885897159576
        ],
        "num_images": 100
      }
    }
  },
  "normal": {
    "split": "normal",
    "condition": null,
    "source_csv": "normal.csv",
    "csv_split_filter": "val",
    "num_samples": 203,
    "miou": 0.44041091203689575,
    "class_iou": {
      "road": 0.8979765772819519,
      "sidewalk": 0.65154629945755,
      "building": 0.79604572057724,
      "wall": 0.3439035415649414,
      "fence": 0.2772102653980255,
      "pole": 0.43564414978027344,
      "traffic_light": 0.530551016330719,
      "traffic_sign": 0.3431079685688019,
      "vegetation": 0.844501256942749,
      "terrain": 0.24702371656894684,
      "sky": 0.9614402055740356,
      "person": 0.25920557975769043,
      "rider": 0.027354318648576736,
      "car": 0.6561124324798584,
      "truck": 0.024502543732523918,
      "bus": 0.35898277163505554,
      "train": 0.39882421493530273,
      "motorcycle": 0.021199893206357956,
      "bicycle": 0.2926742136478424
    },
    "condition_results": {
      "normal": {
        "miou": 0.44041091203689575,
        "class_iou": [
          0.8979765772819519,
          0.65154629945755,
          0.79604572057724,
          0.3439035415649414,
          0.2772102653980255,
          0.43564414978027344,
          0.530551016330719,
          0.3431079685688019,
          0.844501256942749,
          0.24702371656894684,
          0.9614402055740356,
          0.25920557975769043,
          0.027354318648576736,
          0.6561124324798584,
          0.024502543732523918,
          0.35898277163505554,
          0.39882421493530273,
          0.021199893206357956,
          0.2926742136478424
        ],
        "num_images": 203
      }
    }
  },
  "comparison": {
    "normal_minus_main_miou": -0.031492143869400024,
    "main_minus_normal_miou": 0.031492143869400024
  }
}