{
  "task": "evaluate",
  "created_at": "2026-06-04 15:46:38",
  "config_path": "configs/rain/rain_freeze_B_s1.yaml",
  "checkpoint": "outputs/checkpoints/rain/segformer_rain_freeze_B_s1/best_miou.pth",
  "checkpoint_epoch": 43,
  "checkpoint_best_miou": 0.6908743977546692,
  "main": {
    "split": "val",
    "condition": "rain",
    "source_csv": "val.csv",
    "csv_split_filter": null,
    "num_samples": 100,
    "miou": 0.6908743977546692,
    "class_iou": {
      "road": 0.955940842628479,
      "sidewalk": 0.8148157596588135,
      "building": 0.9086861610412598,
      "wall": 0.41196689009666443,
      "fence": 0.40868332982063293,
      "pole": 0.5863667130470276,
      "traffic_light": 0.7674580812454224,
      "traffic_sign": 0.7274510860443115,
      "vegetation": 0.9311736822128296,
      "terrain": 0.6671886444091797,
      "sky": 0.984460711479187,
      "person": 0.6888448596000671,
      "rider": 0.0,
      "car": 0.8952985405921936,
      "truck": 0.6089701056480408,
      "bus": 0.9252580404281616,
      "train": 0.7089545726776123,
      "motorcycle": 0.5025038719177246,
      "bicycle": 0.6325923800468445
    },
    "condition_results": {
      "rain": {
        "miou": 0.6908743977546692,
        "class_iou": [
          0.955940842628479,
          0.8148157596588135,
          0.9086861610412598,
          0.41196689009666443,
          0.40868332982063293,
          0.5863667130470276,
          0.7674580812454224,
          0.7274510860443115,
          0.9311736822128296,
          0.6671886444091797,
          0.984460711479187,
          0.6888448596000671,
          0.0,
          0.8952985405921936,
          0.6089701056480408,
          0.9252580404281616,
          0.7089545726776123,
          0.5025038719177246,
          0.6325923800468445
        ],
        "num_images": 100
      }
    }
  },
  "normal": {
    "split": "normal",
    "condition": null,
    "source_csv": "normal.csv",
    "csv_split_filter": "val",
    "num_samples": 203,
    "miou": 0.6926066279411316,
    "class_iou": {
      "road": 0.9570899605751038,
      "sidewalk": 0.8338894248008728,
      "building": 0.8929775953292847,
      "wall": 0.5428267121315002,
      "fence": 0.5116016864776611,
      "pole": 0.592235803604126,
      "traffic_light": 0.7259812355041504,
      "traffic_sign": 0.6336616277694702,
      "vegetation": 0.8859639167785645,
      "terrain": 0.4557507634162903,
      "sky": 0.9755910038948059,
      "person": 0.654558539390564,
      "rider": 0.49585384130477905,
      "car": 0.835090696811676,
      "truck": 0.32226836681365967,
      "bus": 0.8951402902603149,
      "train": 0.7865594625473022,
      "motorcycle": 0.4570755958557129,
      "bicycle": 0.7054089903831482
    },
    "condition_results": {
      "normal": {
        "miou": 0.6926066279411316,
        "class_iou": [
          0.9570899605751038,
          0.8338894248008728,
          0.8929775953292847,
          0.5428267121315002,
          0.5116016864776611,
          0.592235803604126,
          0.7259812355041504,
          0.6336616277694702,
          0.8859639167785645,
          0.4557507634162903,
          0.9755910038948059,
          0.654558539390564,
          0.49585384130477905,
          0.835090696811676,
          0.32226836681365967,
          0.8951402902603149,
          0.7865594625473022,
          0.4570755958557129,
          0.7054089903831482
        ],
        "num_images": 203
      }
    }
  },
  "comparison": {
    "normal_minus_main_miou": 0.0017322301864624023,
    "main_minus_normal_miou": -0.0017322301864624023
  }
}