{
  "task": "evaluate",
  "created_at": "2026-05-21 15:23:32",
  "config_path": "configs/baseline.yaml",
  "checkpoint": "outputs/checkpoints/baseline/best_miou.pth",
  "checkpoint_epoch": 43,
  "checkpoint_best_miou": 0.4798515737056732,
  "main": {
    "split": "val",
    "condition": null,
    "source_csv": "val.csv",
    "csv_split_filter": null,
    "num_samples": 406,
    "miou": 0.4798515737056732,
    "class_iou": {
      "road": 0.9078099727630615,
      "sidewalk": 0.6826540231704712,
      "building": 0.785233199596405,
      "wall": 0.4037962257862091,
      "fence": 0.28541842103004456,
      "pole": 0.4825341999530792,
      "traffic_light": 0.5300599336624146,
      "traffic_sign": 0.3621898591518402,
      "vegetation": 0.8196061849594116,
      "terrain": 0.418599009513855,
      "sky": 0.9389288425445557,
      "person": 0.24659626185894012,
      "rider": 0.03117350861430168,
      "car": 0.7004542946815491,
      "truck": 0.20165830850601196,
      "bus": 0.3764653205871582,
      "train": 0.6581292748451233,
      "motorcycle": 0.07410762459039688,
      "bicycle": 0.2117658108472824
    },
    "condition_results": {
      "fog": {
        "miou": 0.535515308380127,
        "class_iou": [
          0.9502919912338257,
          0.7915391325950623,
          0.8373990654945374,
          0.5496059060096741,
          0.2912868857383728,
          0.5292447805404663,
          0.5174814462661743,
          0.3816864788532257,
          0.8799083232879639,
          0.5826995372772217,
          0.9811495542526245,
          0.2528264820575714,
          0.1216757744550705,
          0.7349527478218079,
          0.32319846749305725,
          0.5597698092460632,
          0.5553687214851379,
          0.005322802346199751,
          0.32938364148139954
        ],
        "num_images": 100
      },
      "night": {
        "miou": 0.3648110330104828,
        "class_iou": [
          0.9054840803146362,
          0.6550933718681335,
          0.7084224224090576,
          0.31067216396331787,
          0.3022589385509491,
          0.4355672299861908,
          0.32551294565200806,
          0.23960518836975098,
          0.6335043907165527,
          0.11616669595241547,
          0.7509021162986755,
          0.12413986027240753,
          0.0009017132688313723,
          0.4816172122955322,
          0.00467674108222127,
          0.0,
          0.6451057195663452,
          0.07033989578485489,
          0.22143924236297607
        ],
        "num_images": 106
      },
      "rain": {
        "miou": 0.47841665148735046,
        "class_iou": [
          0.8775197863578796,
          0.6344074606895447,
          0.8107125163078308,
          0.29823172092437744,
          0.256117582321167,
          0.4837441146373749,
          0.5597811341285706,
          0.43815335631370544,
          0.9002223610877991,
          0.5427771210670471,
          0.9833521246910095,
          0.3218040466308594,
          0.0,
          0.7293804883956909,
          0.10110165923833847,
          0.4316959083080292,
          0.4538702070713043,
          0.015515359118580818,
          0.2515293061733246
        ],
        "num_images": 100
      },
      "snow": {
        "miou": 0.49432092905044556,
        "class_iou": [
          0.8979811072349548,
          0.6849440336227417,
          0.8126234412193298,
          0.4858192801475525,
          0.2783810794353485,
          0.4757625162601471,
          0.6531067490577698,
          0.45337480306625366,
          0.858151376247406,
          0.40271273255348206,
          0.9754041433334351,
          0.2936740815639496,
          0.0,
          0.7161283493041992,
          0.13786959648132324,
          0.2750588655471802,
          0.7699306607246399,
          0.11488986015319824,
          0.10628430545330048
        ],
        "num_images": 100
      }
    }
  },
  "normal": {
    "split": "normal",
    "condition": null,
    "source_csv": "normal.csv",
    "csv_split_filter": "val",
    "num_samples": 203,
    "miou": 0.4397610127925873,
    "class_iou": {
      "road": 0.894616961479187,
      "sidewalk": 0.6377593278884888,
      "building": 0.7882311344146729,
      "wall": 0.33437371253967285,
      "fence": 0.2586916387081146,
      "pole": 0.426352322101593,
      "traffic_light": 0.51524418592453,
      "traffic_sign": 0.3390406370162964,
      "vegetation": 0.8428766131401062,
      "terrain": 0.26508501172065735,
      "sky": 0.9582966566085815,
      "person": 0.26742789149284363,
      "rider": 0.009261282160878181,
      "car": 0.6507430076599121,
      "truck": 0.025987869128584862,
      "bus": 0.33773842453956604,
      "train": 0.40931299328804016,
      "motorcycle": 0.03751188889145851,
      "bicycle": 0.35690709948539734
    },
    "condition_results": {
      "normal": {
        "miou": 0.4397610127925873,
        "class_iou": [
          0.894616961479187,
          0.6377593278884888,
          0.7882311344146729,
          0.33437371253967285,
          0.2586916387081146,
          0.426352322101593,
          0.51524418592453,
          0.3390406370162964,
          0.8428766131401062,
          0.26508501172065735,
          0.9582966566085815,
          0.26742789149284363,
          0.009261282160878181,
          0.6507430076599121,
          0.025987869128584862,
          0.33773842453956604,
          0.40931299328804016,
          0.03751188889145851,
          0.35690709948539734
        ],
        "num_images": 203
      }
    }
  },
  "comparison": {
    "normal_minus_main_miou": -0.04009056091308594,
    "main_minus_normal_miou": 0.04009056091308594
  }
}