{
  "task": "evaluate",
  "created_at": "2026-06-10 15:41:04",
  "config_path": "outputs/tuning/segformer/configs/trial_0026.yaml",
  "checkpoint": "outputs/tuning/segformer/trials/trial_0026/checkpoints/best_miou.pth",
  "checkpoint_epoch": 20,
  "checkpoint_best_miou": 0.7236763834953308,
  "main": {
    "split": "val",
    "condition": null,
    "source_csv": "val.csv",
    "csv_split_filter": null,
    "num_samples": 406,
    "miou": 0.7236765027046204,
    "class_iou": {
      "road": 0.9604072570800781,
      "sidewalk": 0.8226214051246643,
      "building": 0.876599907875061,
      "wall": 0.5831564664840698,
      "fence": 0.5082513093948364,
      "pole": 0.6322027444839478,
      "traffic_light": 0.7626081705093384,
      "traffic_sign": 0.6366873979568481,
      "vegetation": 0.87461256980896,
      "terrain": 0.5376002788543701,
      "sky": 0.9557285904884338,
      "person": 0.648201048374176,
      "rider": 0.3017721176147461,
      "car": 0.8787868618965149,
      "truck": 0.8306411504745483,
      "bus": 0.8943515419960022,
      "train": 0.906815230846405,
      "motorcycle": 0.5303065180778503,
      "bicycle": 0.6085028052330017
    },
    "condition_results": {
      "fog": {
        "miou": 0.8044643402099609,
        "class_iou": [
          0.977815568447113,
          0.8807020783424377,
          0.9095845818519592,
          0.7666935920715332,
          0.5494294166564941,
          0.7163357138633728,
          0.7972530722618103,
          0.7460337281227112,
          0.9145426154136658,
          0.6529703140258789,
          0.9833247661590576,
          0.6894053220748901,
          0.7010169625282288,
          0.8927834033966064,
          0.8672565221786499,
          0.9707199931144714,
          0.9289295673370361,
          0.6469742059707642,
          0.6930503845214844
        ],
        "num_images": 100
      },
      "night": {
        "miou": 0.5276163816452026,
        "class_iou": [
          0.954584538936615,
          0.7862743139266968,
          0.8151168823242188,
          0.4891672134399414,
          0.5016196370124817,
          0.5540485382080078,
          0.625,
          0.43229907751083374,
          0.7350073456764221,
          0.1159219890832901,
          0.8317626714706421,
          0.4557580351829529,
          0.25122132897377014,
          0.6793349981307983,
          0.0947335809469223,
          0.0,
          0.9061535000801086,
          0.20162707567214966,
          0.5950817465782166
        ],
        "num_images": 106
      },
      "rain": {
        "miou": 0.7110760807991028,
        "class_iou": [
          0.9602969288825989,
          0.8263957500457764,
          0.9132443070411682,
          0.43130090832710266,
          0.46806374192237854,
          0.6113116145133972,
          0.7758074998855591,
          0.7442882061004639,
          0.9302034378051758,
          0.662053644657135,
          0.9845273494720459,
          0.6823582649230957,
          0.0,
          0.9036219120025635,
          0.6965863704681396,
          0.9379183650016785,
          0.7730972766876221,
          0.5514044761657715,
          0.6579656600952148
        ],
        "num_images": 100
      },
      "snow": {
        "miou": 0.754131019115448,
        "class_iou": [
          0.9530777335166931,
          0.8318221569061279,
          0.8935936093330383,
          0.6724953651428223,
          0.5266921520233154,
          0.6398546099662781,
          0.7836052775382996,
          0.7768431305885315,
          0.9030231237411499,
          0.6564081311225891,
          0.978959321975708,
          0.7715721130371094,
          0.08388520777225494,
          0.9023439288139343,
          0.8597506880760193,
          0.7766639590263367,
          0.9318317770957947,
          0.7682629823684692,
          0.6178034543991089
        ],
        "num_images": 100
      }
    }
  },
  "normal": {
    "split": "normal",
    "condition": null,
    "source_csv": "normal.csv",
    "csv_split_filter": "val",
    "num_samples": 203,
    "miou": 0.7111430764198303,
    "class_iou": {
      "road": 0.961074948310852,
      "sidewalk": 0.8459669947624207,
      "building": 0.892561137676239,
      "wall": 0.5938982963562012,
      "fence": 0.5501064658164978,
      "pole": 0.5976640582084656,
      "traffic_light": 0.7200294733047485,
      "traffic_sign": 0.660091757774353,
      "vegetation": 0.8802004456520081,
      "terrain": 0.4369719326496124,
      "sky": 0.9763981699943542,
      "person": 0.6803085207939148,
      "rider": 0.4154389500617981,
      "car": 0.8489199876785278,
      "truck": 0.41800203919410706,
      "bus": 0.9002018570899963,
      "train": 0.8094415664672852,
      "motorcycle": 0.5821022987365723,
      "bicycle": 0.7423399686813354
    },
    "condition_results": {
      "normal": {
        "miou": 0.7111430764198303,
        "class_iou": [
          0.961074948310852,
          0.8459669947624207,
          0.892561137676239,
          0.5938982963562012,
          0.5501064658164978,
          0.5976640582084656,
          0.7200294733047485,
          0.660091757774353,
          0.8802004456520081,
          0.4369719326496124,
          0.9763981699943542,
          0.6803085207939148,
          0.4154389500617981,
          0.8489199876785278,
          0.41800203919410706,
          0.9002018570899963,
          0.8094415664672852,
          0.5821022987365723,
          0.7423399686813354
        ],
        "num_images": 203
      }
    }
  },
  "comparison": {
    "normal_minus_main_miou": -0.012533426284790039,
    "main_minus_normal_miou": 0.012533426284790039
  }
}