{
  "task": "evaluate",
  "created_at": "2026-06-08 15:58:41",
  "config_path": "outputs/tmp_configs/enhancement/clahe.yaml",
  "checkpoint": "outputs/checkpoints/enhancement/clahe/best_miou.pth",
  "checkpoint_epoch": 56,
  "checkpoint_best_miou": 0.7232057452201843,
  "main": {
    "split": "val",
    "condition": null,
    "source_csv": "val.csv",
    "csv_split_filter": null,
    "num_samples": 406,
    "miou": 0.7232057452201843,
    "class_iou": {
      "road": 0.9602009654045105,
      "sidewalk": 0.8181676864624023,
      "building": 0.8792082667350769,
      "wall": 0.5966293811798096,
      "fence": 0.5107284784317017,
      "pole": 0.6307327151298523,
      "traffic_light": 0.763187050819397,
      "traffic_sign": 0.6436907649040222,
      "vegetation": 0.8719897270202637,
      "terrain": 0.5379506945610046,
      "sky": 0.9534773826599121,
      "person": 0.6554461717605591,
      "rider": 0.32509541511535645,
      "car": 0.8779708743095398,
      "truck": 0.8302388191223145,
      "bus": 0.878844141960144,
      "train": 0.907080352306366,
      "motorcycle": 0.5115064382553101,
      "bicycle": 0.5887629985809326
    },
    "condition_results": {
      "fog": {
        "miou": 0.8005858063697815,
        "class_iou": [
          0.9786028265953064,
          0.8777700662612915,
          0.9124968647956848,
          0.7654777765274048,
          0.5558000206947327,
          0.7232372760772705,
          0.8073127269744873,
          0.7624866962432861,
          0.9144315719604492,
          0.6656127572059631,
          0.9835075736045837,
          0.6903854608535767,
          0.6654913425445557,
          0.8904528617858887,
          0.8581398129463196,
          0.9742602109909058,
          0.9344292879104614,
          0.596498429775238,
          0.6547363996505737
        ],
        "num_images": 100
      },
      "night": {
        "miou": 0.5275374054908752,
        "class_iou": [
          0.9533150792121887,
          0.7802160978317261,
          0.8184608221054077,
          0.5285578966140747,
          0.5084233283996582,
          0.5374292731285095,
          0.6190841794013977,
          0.43145591020584106,
          0.7194918394088745,
          0.1210549995303154,
          0.8204250335693359,
          0.47009772062301636,
          0.33115047216415405,
          0.684125542640686,
          0.02486417442560196,
          0.0,
          0.9092342257499695,
          0.18750250339508057,
          0.5783209204673767
        ],
        "num_images": 106
      },
      "rain": {
        "miou": 0.7061479687690735,
        "class_iou": [
          0.9606890082359314,
          0.8232817649841309,
          0.9135228991508484,
          0.40912753343582153,
          0.46041688323020935,
          0.6115475296974182,
          0.768312931060791,
          0.7489176988601685,
          0.9317458271980286,
          0.670512318611145,
          0.9852487444877625,
          0.6961305737495422,
          0.00016420360771007836,
          0.8956899046897888,
          0.656205952167511,
          0.9352874755859375,
          0.7715217471122742,
          0.549058735370636,
          0.629429817199707
        ],
        "num_images": 100
      },
      "snow": {
        "miou": 0.750857949256897,
        "class_iou": [
          0.9532764554023743,
          0.8272240161895752,
          0.8965899348258972,
          0.6791856288909912,
          0.5278112888336182,
          0.6467190980911255,
          0.7900350689888,
          0.7797973155975342,
          0.9035060405731201,
          0.6412636041641235,
          0.9795524477958679,
          0.776140034198761,
          0.06896551698446274,
          0.9087200164794922,
          0.8848848342895508,
          0.7247921824455261,
          0.9274020791053772,
          0.7578318119049072,
          0.5926029682159424
        ],
        "num_images": 100
      }
    }
  },
  "normal": {
    "split": "normal",
    "condition": null,
    "source_csv": "normal.csv",
    "csv_split_filter": "val",
    "num_samples": 203,
    "miou": 0.7029472589492798,
    "class_iou": {
      "road": 0.9605040550231934,
      "sidewalk": 0.8439218997955322,
      "building": 0.8933330774307251,
      "wall": 0.5875469446182251,
      "fence": 0.5515527725219727,
      "pole": 0.5921369791030884,
      "traffic_light": 0.7381055355072021,
      "traffic_sign": 0.6546715497970581,
      "vegetation": 0.8796233534812927,
      "terrain": 0.4049670994281769,
      "sky": 0.9772620797157288,
      "person": 0.66371750831604,
      "rider": 0.4391746520996094,
      "car": 0.8412173986434937,
      "truck": 0.35706669092178345,
      "bus": 0.91489177942276,
      "train": 0.804893970489502,
      "motorcycle": 0.5281801819801331,
      "bicycle": 0.7232303619384766
    },
    "condition_results": {
      "normal": {
        "miou": 0.7029472589492798,
        "class_iou": [
          0.9605040550231934,
          0.8439218997955322,
          0.8933330774307251,
          0.5875469446182251,
          0.5515527725219727,
          0.5921369791030884,
          0.7381055355072021,
          0.6546715497970581,
          0.8796233534812927,
          0.4049670994281769,
          0.9772620797157288,
          0.66371750831604,
          0.4391746520996094,
          0.8412173986434937,
          0.35706669092178345,
          0.91489177942276,
          0.804893970489502,
          0.5281801819801331,
          0.7232303619384766
        ],
        "num_images": 203
      }
    }
  },
  "comparison": {
    "normal_minus_main_miou": -0.02025848627090454,
    "main_minus_normal_miou": 0.02025848627090454
  }
}