{
  "task": "evaluate",
  "created_at": "2026-06-09 16:37:17",
  "config_path": "outputs/tmp_configs/augmentation/none_night.yaml",
  "checkpoint": "outputs/checkpoints/augmentation/none_night/best_miou.pth",
  "checkpoint_epoch": 32,
  "checkpoint_best_miou": 0.5073558688163757,
  "main": {
    "split": "val",
    "condition": "night",
    "source_csv": "val.csv",
    "csv_split_filter": null,
    "num_samples": 106,
    "miou": 0.5073558688163757,
    "class_iou": {
      "road": 0.9367274641990662,
      "sidewalk": 0.7315773963928223,
      "building": 0.8043742179870605,
      "wall": 0.4787783622741699,
      "fence": 0.48688313364982605,
      "pole": 0.5641008019447327,
      "traffic_light": 0.5967508554458618,
      "traffic_sign": 0.4234919548034668,
      "vegetation": 0.71724933385849,
      "terrain": 0.097580686211586,
      "sky": 0.8216864466667175,
      "person": 0.4724961221218109,
      "rider": 0.16323839128017426,
      "car": 0.6790619492530823,
      "truck": 0.0,
      "bus": 0.0,
      "train": 0.8826503753662109,
      "motorcycle": 0.22487923502922058,
      "bicycle": 0.5582355260848999
    },
    "condition_results": {
      "night": {
        "miou": 0.5073558688163757,
        "class_iou": [
          0.9367274641990662,
          0.7315773963928223,
          0.8043742179870605,
          0.4787783622741699,
          0.48688313364982605,
          0.5641008019447327,
          0.5967508554458618,
          0.4234919548034668,
          0.71724933385849,
          0.097580686211586,
          0.8216864466667175,
          0.4724961221218109,
          0.16323839128017426,
          0.6790619492530823,
          0.0,
          0.0,
          0.8826503753662109,
          0.22487923502922058,
          0.5582355260848999
        ],
        "num_images": 106
      }
    }
  },
  "normal": null,
  "comparison": null
}