{
  "task": "evaluate",
  "created_at": "2026-06-03 23:31:46",
  "config_path": "configs/enhance.yaml",
  "checkpoint": "outputs/checkpoints/enhance_clahe/best_miou.pth",
  "split": "val",
  "condition": null,
  "num_samples": 406,
  "miou": 0.477094441652298,
  "class_iou": {
    "road": 0.913640022277832,
    "sidewalk": 0.6908971667289734,
    "building": 0.7868988513946533,
    "wall": 0.40458130836486816,
    "fence": 0.2884417474269867,
    "pole": 0.49354827404022217,
    "traffic_light": 0.5243248343467712,
    "traffic_sign": 0.37215572595596313,
    "vegetation": 0.8235081434249878,
    "terrain": 0.42103052139282227,
    "sky": 0.9400157928466797,
    "person": 0.24430255591869354,
    "rider": 0.02857741340994835,
    "car": 0.7200404405593872,
    "truck": 0.17028175294399261,
    "bus": 0.37997183203697205,
    "train": 0.6394619941711426,
    "motorcycle": 0.0814424529671669,
    "bicycle": 0.14167402684688568
  },
  "condition_results": {
    "fog": {
      "miou": 0.5367444753646851,
      "class_iou": [
        0.9503827095031738,
        0.7979564666748047,
        0.8366963267326355,
        0.5437021255493164,
        0.3230147957801819,
        0.5444740653038025,
        0.518936276435852,
        0.4253857731819153,
        0.8836615681648254,
        0.5778400897979736,
        0.979979932308197,
        0.3153928816318512,
        0.13935810327529907,
        0.7538129091262817,
        0.24727313220500946,
        0.5040772557258606,
        0.5811440944671631,
        0.0067466264590620995,
        0.26830926537513733
      ],
      "num_images": 100
    },
    "night": {
      "miou": 0.36393362283706665,
      "class_iou": [
        0.9107912182807922,
        0.6621366739273071,
        0.7106561660766602,
        0.29307976365089417,
        0.2960054278373718,
        0.44885700941085815,
        0.36798062920570374,
        0.21860387921333313,
        0.6337671279907227,
        0.12267082184553146,
        0.757059633731842,
        0.14785467088222504,
        0.007561643607914448,
        0.515152633190155,
        0.0005230467650108039,
        0.0,
        0.6299026012420654,
        0.05595080554485321,
        0.1361851543188095
      ],
      "num_images": 106
    },
    "rain": {
      "miou": 0.47782620787620544,
      "class_iou": [
        0.8937594890594482,
        0.6535378694534302,
        0.8150095343589783,
        0.32401683926582336,
        0.260735422372818,
        0.488838791847229,
        0.5286747813224792,
        0.4390147924423218,
        0.9039111733436584,
        0.5526511669158936,
        0.9829555153846741,
        0.2673804461956024,
        0.0,
        0.7600278854370117,
        0.09556471556425095,
        0.46744027733802795,
        0.439508855342865,
        0.02673361450433731,
        0.17893745005130768
      ],
      "num_images": 100
    },
    "snow": {
      "miou": 0.49901923537254333,
      "class_iou": [
        0.9005294442176819,
        0.6857664585113525,
        0.8139952421188354,
        0.5073390603065491,
        0.2739925980567932,
        0.4879065454006195,
        0.6349263191223145,
        0.49277931451797485,
        0.8638489246368408,
        0.4167315661907196,
        0.9775135517120361,
        0.29295796155929565,
        0.01202207338064909,
        0.7179431915283203,
        0.14655135571956635,
        0.26706382632255554,
        0.7335790991783142,
        0.1582813858985901,
        0.09763803333044052
      ],
      "num_images": 100
    }
  }
}