{
  "task": "evaluate",
  "created_at": "2026-06-15 05:18:43",
  "config_path": "outputs/tmp_configs/ablations/03_color_jitter.yaml",
  "checkpoint": "outputs/checkpoints/ablations/03_color_jitter/best_miou.pth",
  "checkpoint_epoch": 67,
  "checkpoint_best_miou": 0.7291563749313354,
  "main": {
    "split": "val",
    "condition": null,
    "source_csv": "val.csv",
    "csv_split_filter": null,
    "num_samples": 406,
    "miou": 0.729162335395813,
    "class_iou": {
      "road": 0.9584693312644958,
      "sidewalk": 0.8158009052276611,
      "building": 0.8780696392059326,
      "wall": 0.592491626739502,
      "fence": 0.5154708623886108,
      "pole": 0.6314895749092102,
      "traffic_light": 0.765573263168335,
      "traffic_sign": 0.66659015417099,
      "vegetation": 0.873954713344574,
      "terrain": 0.5446763038635254,
      "sky": 0.9545860886573792,
      "person": 0.6592355966567993,
      "rider": 0.4182160794734955,
      "car": 0.8694096207618713,
      "truck": 0.8373112082481384,
      "bus": 0.8830446600914001,
      "train": 0.8947433233261108,
      "motorcycle": 0.4820069968700409,
      "bicycle": 0.6129436492919922
    },
    "condition_results": {
      "fog": {
        "miou": 0.7997775673866272,
        "class_iou": [
          0.9797834753990173,
          0.8826768398284912,
          0.9112666845321655,
          0.7535156607627869,
          0.554728090763092,
          0.7258500456809998,
          0.8059212565422058,
          0.7464096546173096,
          0.9153522849082947,
          0.6638831496238708,
          0.9836249947547913,
          0.6856803297996521,
          0.6795839667320251,
          0.890718400478363,
          0.8670101761817932,
          0.9747384786605835,
          0.9299333691596985,
          0.6004011034965515,
          0.6446957588195801
        ],
        "num_images": 100
      },
      "night": {
        "miou": 0.5305467844009399,
        "class_iou": [
          0.9520763158798218,
          0.7807856798171997,
          0.813664436340332,
          0.4910775125026703,
          0.5051751732826233,
          0.5368379354476929,
          0.6287761330604553,
          0.5025756359100342,
          0.7305415272712708,
          0.11515545099973679,
          0.8248826861381531,
          0.4769834280014038,
          0.35947713255882263,
          0.6519377827644348,
          0.03590674325823784,
          0.0,
          0.8819087147712708,
          0.16595099866390228,
          0.6266761422157288
        ],
        "num_images": 106
      },
      "rain": {
        "miou": 0.7342261075973511,
        "class_iou": [
          0.9583057165145874,
          0.8148073554039001,
          0.9129006266593933,
          0.42303958535194397,
          0.4823884665966034,
          0.6173186898231506,
          0.7721310257911682,
          0.7457618117332458,
          0.9323624968528748,
          0.6718950867652893,
          0.9847752451896667,
          0.6936457753181458,
          0.29323190450668335,
          0.8970155119895935,
          0.8016917109489441,
          0.9371287226676941,
          0.7690683007240295,
          0.5773733258247375,
          0.6654554605484009
        ],
        "num_images": 100
      },
      "snow": {
        "miou": 0.7408846020698547,
        "class_iou": [
          0.9482731819152832,
          0.8192907571792603,
          0.8999972939491272,
          0.7285504937171936,
          0.534606397151947,
          0.6407262682914734,
          0.788594126701355,
          0.7759149670600891,
          0.9017741680145264,
          0.6557161211967468,
          0.9794430732727051,
          0.7850614786148071,
          0.07253384590148926,
          0.8910269737243652,
          0.8568605184555054,
          0.7371983528137207,
          0.9315324425697327,
          0.6584113836288452,
          0.4712960422039032
        ],
        "num_images": 100
      }
    }
  },
  "normal": {
    "split": "normal",
    "condition": null,
    "source_csv": "normal.csv",
    "csv_split_filter": "val",
    "num_samples": 203,
    "miou": 0.6948034167289734,
    "class_iou": {
      "road": 0.9592272639274597,
      "sidewalk": 0.8470954298973083,
      "building": 0.8924179077148438,
      "wall": 0.5906422734260559,
      "fence": 0.5506945252418518,
      "pole": 0.595382809638977,
      "traffic_light": 0.7318565249443054,
      "traffic_sign": 0.6650805473327637,
      "vegetation": 0.8775736689567566,
      "terrain": 0.3765276074409485,
      "sky": 0.977043867111206,
      "person": 0.6601638197898865,
      "rider": 0.3804183006286621,
      "car": 0.8353195786476135,
      "truck": 0.3571607172489166,
      "bus": 0.9172884821891785,
      "train": 0.808205246925354,
      "motorcycle": 0.4486090838909149,
      "bicycle": 0.7305577397346497
    },
    "condition_results": {
      "normal": {
        "miou": 0.6948034167289734,
        "class_iou": [
          0.9592272639274597,
          0.8470954298973083,
          0.8924179077148438,
          0.5906422734260559,
          0.5506945252418518,
          0.595382809638977,
          0.7318565249443054,
          0.6650805473327637,
          0.8775736689567566,
          0.3765276074409485,
          0.977043867111206,
          0.6601638197898865,
          0.3804183006286621,
          0.8353195786476135,
          0.3571607172489166,
          0.9172884821891785,
          0.808205246925354,
          0.4486090838909149,
          0.7305577397346497
        ],
        "num_images": 203
      }
    }
  },
  "comparison": {
    "normal_minus_main_miou": -0.0343589186668396,
    "main_minus_normal_miou": 0.0343589186668396
  }
}