{
  "task": "evaluate",
  "created_at": "2026-06-09 16:07:24",
  "config_path": "outputs/tmp_configs/augmentation/snow_whiteness_snow.yaml",
  "checkpoint": "outputs/checkpoints/augmentation/snow_whiteness_snow/best_miou.pth",
  "checkpoint_epoch": 24,
  "checkpoint_best_miou": 0.7444811463356018,
  "main": {
    "split": "val",
    "condition": "snow",
    "source_csv": "val.csv",
    "csv_split_filter": null,
    "num_samples": 100,
    "miou": 0.7444811463356018,
    "class_iou": {
      "road": 0.9476383328437805,
      "sidewalk": 0.8095663189888,
      "building": 0.892716646194458,
      "wall": 0.6856549382209778,
      "fence": 0.5111837387084961,
      "pole": 0.6094864010810852,
      "traffic_light": 0.7745716571807861,
      "traffic_sign": 0.7255737781524658,
      "vegetation": 0.8960177898406982,
      "terrain": 0.5864729881286621,
      "sky": 0.9783567190170288,
      "person": 0.7807328701019287,
      "rider": 0.1428571492433548,
      "car": 0.8931350111961365,
      "truck": 0.8641956448554993,
      "bus": 0.7720918655395508,
      "train": 0.9265838265419006,
      "motorcycle": 0.6773303747177124,
      "bicycle": 0.6709749102592468
    },
    "condition_results": {
      "snow": {
        "miou": 0.7444811463356018,
        "class_iou": [
          0.9476383328437805,
          0.8095663189888,
          0.892716646194458,
          0.6856549382209778,
          0.5111837387084961,
          0.6094864010810852,
          0.7745716571807861,
          0.7255737781524658,
          0.8960177898406982,
          0.5864729881286621,
          0.9783567190170288,
          0.7807328701019287,
          0.1428571492433548,
          0.8931350111961365,
          0.8641956448554993,
          0.7720918655395508,
          0.9265838265419006,
          0.6773303747177124,
          0.6709749102592468
        ],
        "num_images": 100
      }
    }
  },
  "normal": null,
  "comparison": null
}