{
  "task": "evaluate",
  "created_at": "2026-06-03 01:04:20",
  "config_path": "configs/enhance.yaml",
  "checkpoint": "outputs/checkpoints/enhance_gamma/best_miou.pth",
  "split": "val",
  "condition": null,
  "num_samples": 406,
  "miou": 0.47644609212875366,
  "class_iou": {
    "road": 0.9090558290481567,
    "sidewalk": 0.684230625629425,
    "building": 0.785043478012085,
    "wall": 0.3999641537666321,
    "fence": 0.28373053669929504,
    "pole": 0.4842780828475952,
    "traffic_light": 0.5308718681335449,
    "traffic_sign": 0.3714566230773926,
    "vegetation": 0.8236077427864075,
    "terrain": 0.41730061173439026,
    "sky": 0.9408765435218811,
    "person": 0.26293444633483887,
    "rider": 0.005269348621368408,
    "car": 0.7095664143562317,
    "truck": 0.14966246485710144,
    "bus": 0.39999788999557495,
    "train": 0.6394475102424622,
    "motorcycle": 0.07255274802446365,
    "bicycle": 0.1826290339231491
  },
  "condition_results": {
    "fog": {
      "miou": 0.5177308917045593,
      "class_iou": [
        0.9461763501167297,
        0.7856439352035522,
        0.8331239819526672,
        0.5504021048545837,
        0.30977919697761536,
        0.5249187350273132,
        0.5132677555084229,
        0.41412463784217834,
        0.8807392716407776,
        0.5700237154960632,
        0.9801503419876099,
        0.28928542137145996,
        0.01939203403890133,
        0.7127022743225098,
        0.21157339215278625,
        0.49996626377105713,
        0.5865338444709778,
        0.0005824596155434847,
        0.20850086212158203
      ],
      "num_images": 100
    },
    "night": {
      "miou": 0.37090644240379333,
      "class_iou": [
        0.9075824618339539,
        0.6657682657241821,
        0.7124693989753723,
        0.30109310150146484,
        0.2955569624900818,
        0.4341237246990204,
        0.3762970268726349,
        0.24832949042320251,
        0.6381738185882568,
        0.12343618273735046,
        0.7636901140213013,
        0.15457835793495178,
        0.0,
        0.5255324840545654,
        0.0014442682731896639,
        0.0,
        0.6064640283584595,
        0.10166191309690475,
        0.19102077186107635
      ],
      "num_images": 106
    },
    "rain": {
      "miou": 0.4733327627182007,
      "class_iou": [
        0.8807467222213745,
        0.6345664262771606,
        0.8044221997261047,
        0.3102068603038788,
        0.21406856179237366,
        0.48630237579345703,
        0.5344635844230652,
        0.450533390045166,
        0.9017439484596252,
        0.5384169816970825,
        0.9832370281219482,
        0.32105839252471924,
        0.00015422578144352883,
        0.751457154750824,
        0.0641176849603653,
        0.4824766218662262,
        0.3940652310848236,
        0.03306175395846367,
        0.20822381973266602
      ],
      "num_images": 100
    },
    "snow": {
      "miou": 0.49629682302474976,
      "class_iou": [
        0.9011353850364685,
        0.6792583465576172,
        0.8163465261459351,
        0.48416632413864136,
        0.30847203731536865,
        0.48753055930137634,
        0.6504505276679993,
        0.4285220801830292,
        0.8619809150695801,
        0.40268751978874207,
        0.9761863946914673,
        0.3033832311630249,
        0.0,
        0.7228929400444031,
        0.13804768025875092,
        0.278826504945755,
        0.7831220030784607,
        0.09165114909410477,
        0.11497966200113297
      ],
      "num_images": 100
    }
  }
}