{
  "task": "evaluate",
  "created_at": "2026-06-09 15:49:38",
  "config_path": "outputs/tmp_configs/augmentation/snow_particle_snow.yaml",
  "checkpoint": "outputs/checkpoints/augmentation/snow_particle_snow/best_miou.pth",
  "checkpoint_epoch": 25,
  "checkpoint_best_miou": 0.7401493191719055,
  "main": {
    "split": "val",
    "condition": "snow",
    "source_csv": "val.csv",
    "csv_split_filter": null,
    "num_samples": 100,
    "miou": 0.7401493191719055,
    "class_iou": {
      "road": 0.9471161365509033,
      "sidewalk": 0.8079118728637695,
      "building": 0.8926488161087036,
      "wall": 0.6866894364356995,
      "fence": 0.5076159834861755,
      "pole": 0.6156011819839478,
      "traffic_light": 0.7661402821540833,
      "traffic_sign": 0.7299752831459045,
      "vegetation": 0.8972969055175781,
      "terrain": 0.5921561121940613,
      "sky": 0.9782428741455078,
      "person": 0.7829591631889343,
      "rider": 0.11487481743097305,
      "car": 0.8956959247589111,
      "truck": 0.890911340713501,
      "bus": 0.7451615333557129,
      "train": 0.9235942363739014,
      "motorcycle": 0.6675288677215576,
      "bicycle": 0.6207155585289001
    },
    "condition_results": {
      "snow": {
        "miou": 0.7401493191719055,
        "class_iou": [
          0.9471161365509033,
          0.8079118728637695,
          0.8926488161087036,
          0.6866894364356995,
          0.5076159834861755,
          0.6156011819839478,
          0.7661402821540833,
          0.7299752831459045,
          0.8972969055175781,
          0.5921561121940613,
          0.9782428741455078,
          0.7829591631889343,
          0.11487481743097305,
          0.8956959247589111,
          0.890911340713501,
          0.7451615333557129,
          0.9235942363739014,
          0.6675288677215576,
          0.6207155585289001
        ],
        "num_images": 100
      }
    }
  },
  "normal": null,
  "comparison": null
}