experiment,display_name,road,sidewalk,building,wall,fence,pole,traffic_light,traffic_sign,vegetation,terrain,sky,person,rider,car,truck,bus,train,motorcycle,bicycle
proposed,Proposed,0.96129429,0.82139939,0.87327057,0.56689698,0.49378157,0.61930662,0.75884360,0.64710069,0.87329543,0.53115404,0.95476854,0.64338422,0.26944226,0.86554283,0.79790956,0.91001588,0.90702939,0.52507883,0.62427515
