{
  "task": "evaluate",
  "created_at": "2026-06-15 22:00:12",
  "config_path": "outputs/tmp_configs/ablations/06_weather_aug.yaml",
  "checkpoint": "outputs/checkpoints/ablations/06_weather_aug/best_miou.pth",
  "checkpoint_epoch": 66,
  "checkpoint_best_miou": 0.7262209057807922,
  "main": {
    "split": "val",
    "condition": null,
    "source_csv": "val.csv",
    "csv_split_filter": null,
    "num_samples": 406,
    "miou": 0.7253484725952148,
    "class_iou": {
      "road": 0.9585826992988586,
      "sidewalk": 0.8150568008422852,
      "building": 0.8775456547737122,
      "wall": 0.58961421251297,
      "fence": 0.4924200475215912,
      "pole": 0.6347036361694336,
      "traffic_light": 0.7746890783309937,
      "traffic_sign": 0.6667173504829407,
      "vegetation": 0.8739125728607178,
      "terrain": 0.5469977259635925,
      "sky": 0.953906774520874,
      "person": 0.6671693921089172,
      "rider": 0.2984020709991455,
      "car": 0.881010890007019,
      "truck": 0.8493006229400635,
      "bus": 0.9046387672424316,
      "train": 0.9051847457885742,
      "motorcycle": 0.4865037798881531,
      "bicycle": 0.6052643060684204
    },
    "condition_results": {
      "fog": {
        "miou": 0.8022910356521606,
        "class_iou": [
          0.9796718955039978,
          0.8808577060699463,
          0.9084435701370239,
          0.773819088935852,
          0.5491607189178467,
          0.720445454120636,
          0.8139302134513855,
          0.7662500143051147,
          0.9142826199531555,
          0.6637004613876343,
          0.9830763339996338,
          0.6887847781181335,
          0.6051539182662964,
          0.899374783039093,
          0.8949461579322815,
          0.9717315435409546,
          0.9372098445892334,
          0.6209501624107361,
          0.6717397570610046
        ],
        "num_images": 100
      },
      "night": {
        "miou": 0.5351358652114868,
        "class_iou": [
          0.9493165016174316,
          0.7720564603805542,
          0.8127014636993408,
          0.5004560947418213,
          0.4826816916465759,
          0.542044997215271,
          0.6574056148529053,
          0.49184176325798035,
          0.7293217182159424,
          0.13296371698379517,
          0.8234250545501709,
          0.5267506837844849,
          0.3233475983142853,
          0.6893826127052307,
          0.04103178158402443,
          0.0,
          0.8937458992004395,
          0.17856693267822266,
          0.6205407977104187
        ],
        "num_images": 106
      },
      "rain": {
        "miou": 0.7101648449897766,
        "class_iou": [
          0.9604814052581787,
          0.821168065071106,
          0.9139429330825806,
          0.396527498960495,
          0.4465460777282715,
          0.6178966760635376,
          0.7788404226303101,
          0.7494553923606873,
          0.9328603148460388,
          0.6808051466941833,
          0.9847041964530945,
          0.6822923421859741,
          0.0010072183795273304,
          0.8953899145126343,
          0.724974513053894,
          0.9384015202522278,
          0.7775031924247742,
          0.5600795149803162,
          0.6302557587623596
        ],
        "num_images": 100
      },
      "snow": {
        "miou": 0.7446152567863464,
        "class_iou": [
          0.9519810080528259,
          0.8263651132583618,
          0.9002374410629272,
          0.7062752842903137,
          0.510046660900116,
          0.6495710611343384,
          0.7888267636299133,
          0.7765498161315918,
          0.9027644991874695,
          0.6434212327003479,
          0.9794578552246094,
          0.7795936465263367,
          0.09632445871829987,
          0.9076963663101196,
          0.8747751712799072,
          0.8099648952484131,
          0.9414677023887634,
          0.6500197649002075,
          0.45235252380371094
        ],
        "num_images": 100
      }
    }
  },
  "normal": {
    "split": "normal",
    "condition": null,
    "source_csv": "normal.csv",
    "csv_split_filter": "val",
    "num_samples": 203,
    "miou": 0.7030558586120605,
    "class_iou": {
      "road": 0.9574044346809387,
      "sidewalk": 0.8428547382354736,
      "building": 0.8939566612243652,
      "wall": 0.6119545698165894,
      "fence": 0.5397942066192627,
      "pole": 0.6001462936401367,
      "traffic_light": 0.7479358911514282,
      "traffic_sign": 0.6695652008056641,
      "vegetation": 0.8803291320800781,
      "terrain": 0.3865338861942291,
      "sky": 0.9783834218978882,
      "person": 0.6637640595436096,
      "rider": 0.38442978262901306,
      "car": 0.8403781056404114,
      "truck": 0.3962126672267914,
      "bus": 0.9134255051612854,
      "train": 0.8061372637748718,
      "motorcycle": 0.5304903388023376,
      "bicycle": 0.7143644094467163
    },
    "condition_results": {
      "normal": {
        "miou": 0.7030558586120605,
        "class_iou": [
          0.9574044346809387,
          0.8428547382354736,
          0.8939566612243652,
          0.6119545698165894,
          0.5397942066192627,
          0.6001462936401367,
          0.7479358911514282,
          0.6695652008056641,
          0.8803291320800781,
          0.3865338861942291,
          0.9783834218978882,
          0.6637640595436096,
          0.38442978262901306,
          0.8403781056404114,
          0.3962126672267914,
          0.9134255051612854,
          0.8061372637748718,
          0.5304903388023376,
          0.7143644094467163
        ],
        "num_images": 203
      }
    }
  },
  "comparison": {
    "normal_minus_main_miou": -0.022292613983154297,
    "main_minus_normal_miou": 0.022292613983154297
  }
}