{
  "task": "evaluate",
  "created_at": "2026-06-09 15:31:32",
  "config_path": "outputs/tmp_configs/augmentation/none_snow.yaml",
  "checkpoint": "outputs/checkpoints/augmentation/none_snow/best_miou.pth",
  "checkpoint_epoch": 43,
  "checkpoint_best_miou": 0.7467107176780701,
  "main": {
    "split": "val",
    "condition": "snow",
    "source_csv": "val.csv",
    "csv_split_filter": null,
    "num_samples": 100,
    "miou": 0.7467107176780701,
    "class_iou": {
      "road": 0.9464088082313538,
      "sidewalk": 0.8062350749969482,
      "building": 0.8961341977119446,
      "wall": 0.6934258937835693,
      "fence": 0.5206541419029236,
      "pole": 0.6258350610733032,
      "traffic_light": 0.777347981929779,
      "traffic_sign": 0.7346556782722473,
      "vegetation": 0.90056312084198,
      "terrain": 0.6026185750961304,
      "sky": 0.9787895083427429,
      "person": 0.775932788848877,
      "rider": 0.12436974793672562,
      "car": 0.895770788192749,
      "truck": 0.8815842270851135,
      "bus": 0.8496178984642029,
      "train": 0.927120566368103,
      "motorcycle": 0.6229322552680969,
      "bicycle": 0.6275071501731873
    },
    "condition_results": {
      "snow": {
        "miou": 0.7467107176780701,
        "class_iou": [
          0.9464088082313538,
          0.8062350749969482,
          0.8961341977119446,
          0.6934258937835693,
          0.5206541419029236,
          0.6258350610733032,
          0.777347981929779,
          0.7346556782722473,
          0.90056312084198,
          0.6026185750961304,
          0.9787895083427429,
          0.775932788848877,
          0.12436974793672562,
          0.895770788192749,
          0.8815842270851135,
          0.8496178984642029,
          0.927120566368103,
          0.6229322552680969,
          0.6275071501731873
        ],
        "num_images": 100
      }
    }
  },
  "normal": null,
  "comparison": null
}