{
  "task": "evaluate",
  "created_at": "2026-05-18 12:47:14",
  "config_path": "configs/night.yaml",
  "checkpoint": "outputs/checkpoints/night_gamma/best_miou.pth",
  "split": "val",
  "condition": "night",
  "num_samples": 106,
  "miou": 0.3259880244731903,
  "class_iou": {
    "road": 0.8986182808876038,
    "sidewalk": 0.6335939168930054,
    "building": 0.6999921202659607,
    "wall": 0.27231577038764954,
    "fence": 0.22055630385875702,
    "pole": 0.42949095368385315,
    "traffic_light": 0.23184241354465485,
    "traffic_sign": 0.17605014145374298,
    "vegetation": 0.62687087059021,
    "terrain": 0.09541693329811096,
    "sky": 0.7691518068313599,
    "person": 0.06871291995048523,
    "rider": 0.0,
    "car": 0.33562636375427246,
    "truck": 0.0,
    "bus": 0.0,
    "train": 0.6138161420822144,
    "motorcycle": 0.0,
    "bicycle": 0.1217178925871849
  },
  "condition_results": {
    "night": {
      "miou": 0.3259880244731903,
      "class_iou": [
        0.8986182808876038,
        0.6335939168930054,
        0.6999921202659607,
        0.27231577038764954,
        0.22055630385875702,
        0.42949095368385315,
        0.23184241354465485,
        0.17605014145374298,
        0.62687087059021,
        0.09541693329811096,
        0.7691518068313599,
        0.06871291995048523,
        0.0,
        0.33562636375427246,
        0.0,
        0.0,
        0.6138161420822144,
        0.0,
        0.1217178925871849
      ],
      "num_images": 106
    }
  }
}