{
  "task": "evaluate",
  "created_at": "2026-05-19 14:11:06",
  "config_path": "outputs/checkpoints/night_gamma_clahe/config.yaml",
  "checkpoint": "outputs/checkpoints/night_gamma_clahe/best_miou.pth",
  "split": "val",
  "condition": "night",
  "num_samples": 106,
  "miou": 0.32010164856910706,
  "class_iou": {
    "road": 0.8978738188743591,
    "sidewalk": 0.6177794933319092,
    "building": 0.6972221732139587,
    "wall": 0.2404318004846573,
    "fence": 0.20716212689876556,
    "pole": 0.4165101647377014,
    "traffic_light": 0.23838630318641663,
    "traffic_sign": 0.13880863785743713,
    "vegetation": 0.6387502551078796,
    "terrain": 0.09786025434732437,
    "sky": 0.7712132930755615,
    "person": 0.0926867201924324,
    "rider": 0.0,
    "car": 0.36930084228515625,
    "truck": 0.0,
    "bus": 0.0,
    "train": 0.5511907935142517,
    "motorcycle": 0.0,
    "bicycle": 0.10675498843193054
  },
  "condition_results": {
    "night": {
      "miou": 0.32010164856910706,
      "class_iou": [
        0.8978738188743591,
        0.6177794933319092,
        0.6972221732139587,
        0.2404318004846573,
        0.20716212689876556,
        0.4165101647377014,
        0.23838630318641663,
        0.13880863785743713,
        0.6387502551078796,
        0.09786025434732437,
        0.7712132930755615,
        0.0926867201924324,
        0.0,
        0.36930084228515625,
        0.0,
        0.0,
        0.5511907935142517,
        0.0,
        0.10675498843193054
      ],
      "num_images": 106
    }
  }
}