{
  "task": "evaluate",
  "created_at": "2026-05-18 13:26:21",
  "config_path": "configs/night.yaml",
  "checkpoint": "outputs/checkpoints/night_gamma_clahe/best_miou.pth",
  "split": "val",
  "condition": "night",
  "num_samples": 106,
  "miou": 0.22740550339221954,
  "class_iou": {
    "road": 0.7072349786758423,
    "sidewalk": 0.275653600692749,
    "building": 0.6141692399978638,
    "wall": 0.1853555589914322,
    "fence": 0.165566086769104,
    "pole": 0.3558288812637329,
    "traffic_light": 0.16195528209209442,
    "traffic_sign": 0.10276073962450027,
    "vegetation": 0.5271809697151184,
    "terrain": 0.08407220989465714,
    "sky": 0.69627445936203,
    "person": 0.044881392270326614,
    "rider": 0.0,
    "car": 0.14503228664398193,
    "truck": 0.0,
    "bus": 0.0,
    "train": 0.23948141932487488,
    "motorcycle": 0.0,
    "bicycle": 0.015257485210895538
  },
  "condition_results": {
    "night": {
      "miou": 0.22740550339221954,
      "class_iou": [
        0.7072349786758423,
        0.275653600692749,
        0.6141692399978638,
        0.1853555589914322,
        0.165566086769104,
        0.3558288812637329,
        0.16195528209209442,
        0.10276073962450027,
        0.5271809697151184,
        0.08407220989465714,
        0.69627445936203,
        0.044881392270326614,
        0.0,
        0.14503228664398193,
        0.0,
        0.0,
        0.23948141932487488,
        0.0,
        0.015257485210895538
      ],
      "num_images": 106
    }
  }
}