{
  "task": "evaluate",
  "created_at": "2026-05-18 14:01:58",
  "config_path": "configs/night.yaml",
  "checkpoint": "outputs/checkpoints/night_zero_dce/best_miou.pth",
  "split": "val",
  "condition": "night",
  "num_samples": 106,
  "miou": 0.3211252987384796,
  "class_iou": {
    "road": 0.8893398642539978,
    "sidewalk": 0.5972726345062256,
    "building": 0.6994273662567139,
    "wall": 0.258771151304245,
    "fence": 0.22333630919456482,
    "pole": 0.4065825939178467,
    "traffic_light": 0.22461102902889252,
    "traffic_sign": 0.1279926747083664,
    "vegetation": 0.6312733888626099,
    "terrain": 0.10698051005601883,
    "sky": 0.7673934698104858,
    "person": 0.05580860748887062,
    "rider": 0.0,
    "car": 0.4226420521736145,
    "truck": 0.0,
    "bus": 0.0,
    "train": 0.5875288844108582,
    "motorcycle": 0.0,
    "bicycle": 0.10242050141096115
  },
  "condition_results": {
    "night": {
      "miou": 0.3211252987384796,
      "class_iou": [
        0.8893398642539978,
        0.5972726345062256,
        0.6994273662567139,
        0.258771151304245,
        0.22333630919456482,
        0.4065825939178467,
        0.22461102902889252,
        0.1279926747083664,
        0.6312733888626099,
        0.10698051005601883,
        0.7673934698104858,
        0.05580860748887062,
        0.0,
        0.4226420521736145,
        0.0,
        0.0,
        0.5875288844108582,
        0.0,
        0.10242050141096115
      ],
      "num_images": 106
    }
  }
}