{
  "task": "evaluate",
  "created_at": "2026-06-04 04:05:22",
  "config_path": "configs/enhance_night_only.yaml",
  "checkpoint": "outputs/checkpoints/enhance_night_only_clahe/best_miou.pth",
  "split": "val",
  "condition": null,
  "num_samples": 406,
  "miou": 0.479569673538208,
  "class_iou": {
    "road": 0.9085820913314819,
    "sidewalk": 0.6824495792388916,
    "building": 0.788330614566803,
    "wall": 0.3991534113883972,
    "fence": 0.290934294462204,
    "pole": 0.49918365478515625,
    "traffic_light": 0.5257754325866699,
    "traffic_sign": 0.38263797760009766,
    "vegetation": 0.8237320780754089,
    "terrain": 0.42390644550323486,
    "sky": 0.9410609006881714,
    "person": 0.26279473304748535,
    "rider": 0.032661519944667816,
    "car": 0.7163845896720886,
    "truck": 0.1645991951227188,
    "bus": 0.38770851492881775,
    "train": 0.6440561413764954,
    "motorcycle": 0.058854829519987106,
    "bicycle": 0.17901721596717834
  },
  "condition_results": {
    "fog": {
      "miou": 0.5208759307861328,
      "class_iou": [
        0.9487699866294861,
        0.7936192154884338,
        0.8345823884010315,
        0.5625819563865662,
        0.33618074655532837,
        0.5565292835235596,
        0.5008421540260315,
        0.41790661215782166,
        0.8787263035774231,
        0.5765939354896545,
        0.9804762601852417,
        0.28414133191108704,
        0.12430146336555481,
        0.7279343605041504,
        0.21384863555431366,
        0.42914533615112305,
        0.5294457674026489,
        0.015972618013620377,
        0.18504387140274048
      ],
      "num_images": 100
    },
    "night": {
      "miou": 0.36649587750434875,
      "class_iou": [
        0.9047923684120178,
        0.6474949717521667,
        0.7134335041046143,
        0.2854413390159607,
        0.2926763892173767,
        0.4412023723125458,
        0.324663370847702,
        0.23111872375011444,
        0.6392923593521118,
        0.09882911294698715,
        0.763214111328125,
        0.1530189961194992,
        0.012864009477198124,
        0.5230115652084351,
        3.2977179216686636e-05,
        0.0,
        0.6208419799804688,
        0.10099754482507706,
        0.21049609780311584
      ],
      "num_images": 106
    },
    "rain": {
      "miou": 0.48153772950172424,
      "class_iou": [
        0.8804225325584412,
        0.6379877924919128,
        0.8149738311767578,
        0.30140864849090576,
        0.2542114555835724,
        0.5006789565086365,
        0.5592358112335205,
        0.46994855999946594,
        0.9041173458099365,
        0.5797715783119202,
        0.9833308458328247,
        0.34073910117149353,
        0.0,
        0.7482170462608337,
        0.10322575271129608,
        0.4902840256690979,
        0.44408661127090454,
        0.005061641801148653,
        0.13151492178440094
      ],
      "num_images": 100
    },
    "snow": {
      "miou": 0.4981037974357605,
      "class_iou": [
        0.901938259601593,
        0.6913942694664001,
        0.8183077573776245,
        0.4985445439815521,
        0.2865743637084961,
        0.49473094940185547,
        0.6603273153305054,
        0.4865625500679016,
        0.8622300028800964,
        0.3865486979484558,
        0.9765750169754028,
        0.28710460662841797,
        0.0,
        0.7367323637008667,
        0.15505844354629517,
        0.29052168130874634,
        0.7800835371017456,
        0.0673079565167427,
        0.0834299623966217
      ],
      "num_images": 100
    }
  }
}