{
  "task": "evaluate",
  "created_at": "2026-06-05 13:21:38",
  "config_path": "configs/proposed.yaml",
  "checkpoint": "outputs/checkpoints/proposed/best_miou.pth",
  "checkpoint_epoch": 46,
  "checkpoint_best_miou": 0.7210275530815125,
  "main": {
    "split": "val",
    "condition": null,
    "source_csv": "val.csv",
    "csv_split_filter": null,
    "num_samples": 406,
    "miou": 0.7210275530815125,
    "class_iou": {
      "road": 0.9586189389228821,
      "sidewalk": 0.8158378005027771,
      "building": 0.8788323998451233,
      "wall": 0.5823732018470764,
      "fence": 0.5115760564804077,
      "pole": 0.6264162659645081,
      "traffic_light": 0.766720712184906,
      "traffic_sign": 0.6328855156898499,
      "vegetation": 0.8731426000595093,
      "terrain": 0.5405794978141785,
      "sky": 0.9545004963874817,
      "person": 0.6541600823402405,
      "rider": 0.3023243844509125,
      "car": 0.8767445683479309,
      "truck": 0.8368481397628784,
      "bus": 0.8868071436882019,
      "train": 0.9104949235916138,
      "motorcycle": 0.4958774745464325,
      "bicycle": 0.5947830677032471
    },
    "condition_results": {
      "fog": {
        "miou": 0.8026427030563354,
        "class_iou": [
          0.9783646464347839,
          0.8785465955734253,
          0.9120393395423889,
          0.7576282024383545,
          0.565429151058197,
          0.7189629673957825,
          0.8038318753242493,
          0.7506248950958252,
          0.9135364890098572,
          0.6559180617332458,
          0.9835543632507324,
          0.6751102805137634,
          0.6862874031066895,
          0.8927479386329651,
          0.8684738278388977,
          0.9750748872756958,
          0.9370331764221191,
          0.6210879683494568,
          0.6759592294692993
        ],
        "num_images": 100
      },
      "night": {
        "miou": 0.5223238468170166,
        "class_iou": [
          0.9504237771034241,
          0.7748463153839111,
          0.8160356283187866,
          0.5112817883491516,
          0.5142490267753601,
          0.5176172852516174,
          0.6345670223236084,
          0.4155072867870331,
          0.7279465198516846,
          0.13627679646015167,
          0.825692892074585,
          0.4643898904323578,
          0.24463647603988647,
          0.6774632334709167,
          0.02303856611251831,
          0.0,
          0.9111404418945312,
          0.19686616957187653,
          0.5821738839149475
        ],
        "num_images": 106
      },
      "rain": {
        "miou": 0.7090156078338623,
        "class_iou": [
          0.9610315561294556,
          0.8237699270248413,
          0.9139459133148193,
          0.39983904361724854,
          0.4657365381717682,
          0.6188127994537354,
          0.7731878161430359,
          0.7492524981498718,
          0.9303439855575562,
          0.6601136326789856,
          0.9848703145980835,
          0.6904301643371582,
          0.0,
          0.8955564498901367,
          0.7211156487464905,
          0.9320788979530334,
          0.7702874541282654,
          0.5476770401000977,
          0.6332466006278992
        ],
        "num_images": 100
      },
      "snow": {
        "miou": 0.7503759860992432,
        "class_iou": [
          0.9508770108222961,
          0.8247947096824646,
          0.898529589176178,
          0.6638009548187256,
          0.5064892172813416,
          0.647216796875,
          0.7906026840209961,
          0.7794778347015381,
          0.90311199426651,
          0.6489278078079224,
          0.9794750213623047,
          0.781671404838562,
          0.10119840502738953,
          0.9060896039009094,
          0.8706934452056885,
          0.7580165266990662,
          0.9342471957206726,
          0.7047608494758606,
          0.6071630120277405
        ],
        "num_images": 100
      }
    }
  },
  "normal": {
    "split": "normal",
    "condition": null,
    "source_csv": "normal.csv",
    "csv_split_filter": "val",
    "num_samples": 203,
    "miou": 0.7090602517127991,
    "class_iou": {
      "road": 0.9608517289161682,
      "sidewalk": 0.8484089374542236,
      "building": 0.8927031755447388,
      "wall": 0.5999043583869934,
      "fence": 0.5583149790763855,
      "pole": 0.5996332764625549,
      "traffic_light": 0.7372994422912598,
      "traffic_sign": 0.6631922721862793,
      "vegetation": 0.8790282011032104,
      "terrain": 0.40840238332748413,
      "sky": 0.9772371053695679,
      "person": 0.6844016313552856,
      "rider": 0.48648425936698914,
      "car": 0.841366171836853,
      "truck": 0.38201990723609924,
      "bus": 0.9189868569374084,
      "train": 0.8023325204849243,
      "motorcycle": 0.49564868211746216,
      "bicycle": 0.735929012298584
    },
    "condition_results": {
      "normal": {
        "miou": 0.7090602517127991,
        "class_iou": [
          0.9608517289161682,
          0.8484089374542236,
          0.8927031755447388,
          0.5999043583869934,
          0.5583149790763855,
          0.5996332764625549,
          0.7372994422912598,
          0.6631922721862793,
          0.8790282011032104,
          0.40840238332748413,
          0.9772371053695679,
          0.6844016313552856,
          0.48648425936698914,
          0.841366171836853,
          0.38201990723609924,
          0.9189868569374084,
          0.8023325204849243,
          0.49564868211746216,
          0.735929012298584
        ],
        "num_images": 203
      }
    }
  },
  "comparison": {
    "normal_minus_main_miou": -0.011967301368713379,
    "main_minus_normal_miou": 0.011967301368713379
  }
}