{
  "task": "evaluate",
  "created_at": "2026-06-09 20:35:04",
  "config_path": "configs/proposed.yaml",
  "checkpoint": "outputs/checkpoints/proposed_baseline/best_miou.pth",
  "checkpoint_epoch": 37,
  "checkpoint_best_miou": 0.7185570001602173,
  "main": {
    "split": "val",
    "condition": null,
    "source_csv": "val.csv",
    "csv_split_filter": null,
    "num_samples": 406,
    "miou": 0.7157560586929321,
    "class_iou": {
      "road": 0.9597702026367188,
      "sidewalk": 0.809490978717804,
      "building": 0.8787568211555481,
      "wall": 0.5870909094810486,
      "fence": 0.5137856006622314,
      "pole": 0.6296087503433228,
      "traffic_light": 0.7601305842399597,
      "traffic_sign": 0.624915361404419,
      "vegetation": 0.8731396794319153,
      "terrain": 0.527134895324707,
      "sky": 0.9547326564788818,
      "person": 0.6327303051948547,
      "rider": 0.265537291765213,
      "car": 0.8824944496154785,
      "truck": 0.8344933390617371,
      "bus": 0.8930228352546692,
      "train": 0.8967154026031494,
      "motorcycle": 0.4596351385116577,
      "bicycle": 0.6161802411079407
    },
    "condition_results": {
      "fog": {
        "miou": 0.7973440885543823,
        "class_iou": [
          0.9799001812934875,
          0.8796988129615784,
          0.9132697582244873,
          0.7770197987556458,
          0.5566262006759644,
          0.7244923710823059,
          0.7985231876373291,
          0.7493389844894409,
          0.913621187210083,
          0.63457852602005,
          0.9837602376937866,
          0.6581740975379944,
          0.6768325567245483,
          0.8990445733070374,
          0.8722636103630066,
          0.9704136252403259,
          0.9253430366516113,
          0.5754591822624207,
          0.6611775755882263
        ],
        "num_images": 100
      },
      "night": {
        "miou": 0.5177928805351257,
        "class_iou": [
          0.9526523351669312,
          0.759540319442749,
          0.8133140206336975,
          0.4921203851699829,
          0.5185920596122742,
          0.5430512428283691,
          0.601408064365387,
          0.39438241720199585,
          0.7293480038642883,
          0.13280820846557617,
          0.8211742639541626,
          0.4402347207069397,
          0.21886740624904633,
          0.7027887105941772,
          0.04997674375772476,
          0.0,
          0.8837830424308777,
          0.17479798197746277,
          0.6092239618301392
        ],
        "num_images": 106
      },
      "rain": {
        "miou": 0.7026076316833496,
        "class_iou": [
          0.9577874541282654,
          0.8178128004074097,
          0.9134159088134766,
          0.40503445267677307,
          0.4636799395084381,
          0.6102222204208374,
          0.781224250793457,
          0.748189389705658,
          0.9319345951080322,
          0.6785099506378174,
          0.9851906895637512,
          0.6816518902778625,
          0.0013095432659611106,
          0.9012483358383179,
          0.7141190767288208,
          0.9299795031547546,
          0.770593523979187,
          0.4485376477241516,
          0.6091042757034302
        ],
        "num_images": 100
      },
      "snow": {
        "miou": 0.7491250038146973,
        "class_iou": [
          0.9538514614105225,
          0.8282709121704102,
          0.9015769958496094,
          0.6952594518661499,
          0.5176443457603455,
          0.6334589123725891,
          0.7707650661468506,
          0.7724143266677856,
          0.9029690027236938,
          0.630712628364563,
          0.980050802230835,
          0.7677313089370728,
          0.011404134333133698,
          0.901663064956665,
          0.8691057562828064,
          0.7873326539993286,
          0.935897946357727,
          0.7275087237358093,
          0.6457571387290955
        ],
        "num_images": 100
      }
    }
  },
  "normal": {
    "split": "normal",
    "condition": null,
    "source_csv": "normal.csv",
    "csv_split_filter": "val",
    "num_samples": 203,
    "miou": 0.7079641222953796,
    "class_iou": {
      "road": 0.9622069001197815,
      "sidewalk": 0.8510030508041382,
      "building": 0.8905666470527649,
      "wall": 0.585410475730896,
      "fence": 0.563956618309021,
      "pole": 0.6119870543479919,
      "traffic_light": 0.7474322319030762,
      "traffic_sign": 0.6684834957122803,
      "vegetation": 0.8785222768783569,
      "terrain": 0.40226584672927856,
      "sky": 0.9779918789863586,
      "person": 0.6777409315109253,
      "rider": 0.4543911814689636,
      "car": 0.8481863141059875,
      "truck": 0.35673126578330994,
      "bus": 0.9149061441421509,
      "train": 0.8209850192070007,
      "motorcycle": 0.5065666437149048,
      "bicycle": 0.7319841384887695
    },
    "condition_results": {
      "normal": {
        "miou": 0.7079641222953796,
        "class_iou": [
          0.9622069001197815,
          0.8510030508041382,
          0.8905666470527649,
          0.585410475730896,
          0.563956618309021,
          0.6119870543479919,
          0.7474322319030762,
          0.6684834957122803,
          0.8785222768783569,
          0.40226584672927856,
          0.9779918789863586,
          0.6777409315109253,
          0.4543911814689636,
          0.8481863141059875,
          0.35673126578330994,
          0.9149061441421509,
          0.8209850192070007,
          0.5065666437149048,
          0.7319841384887695
        ],
        "num_images": 203
      }
    }
  },
  "comparison": {
    "normal_minus_main_miou": -0.00779193639755249,
    "main_minus_normal_miou": 0.00779193639755249
  }
}