{
  "task": "evaluate",
  "created_at": "2026-06-14 03:36:57",
  "config_path": "configs/final.yaml",
  "checkpoint": "outputs/checkpoints/final/best_miou.pth",
  "checkpoint_epoch": 81,
  "checkpoint_best_miou": 0.7281771898269653,
  "main": {
    "split": "val",
    "condition": null,
    "source_csv": "val.csv",
    "csv_split_filter": null,
    "num_samples": 406,
    "miou": 0.7280478477478027,
    "class_iou": {
      "road": 0.9606286287307739,
      "sidewalk": 0.823432207107544,
      "building": 0.8780555725097656,
      "wall": 0.5960033535957336,
      "fence": 0.5086191892623901,
      "pole": 0.6323691010475159,
      "traffic_light": 0.7716104388237,
      "traffic_sign": 0.6690651178359985,
      "vegetation": 0.8731583952903748,
      "terrain": 0.5381505489349365,
      "sky": 0.9541969895362854,
      "person": 0.6640952825546265,
      "rider": 0.32800716161727905,
      "car": 0.8766528367996216,
      "truck": 0.8449296951293945,
      "bus": 0.9084425568580627,
      "train": 0.8887732625007629,
      "motorcycle": 0.5020450949668884,
      "bicycle": 0.6146736145019531
    },
    "condition_results": {
      "fog": {
        "miou": 0.7969568371772766,
        "class_iou": [
          0.9799149632453918,
          0.8779517412185669,
          0.9090808629989624,
          0.7670880556106567,
          0.5416579842567444,
          0.7226725816726685,
          0.8062466979026794,
          0.7653290033340454,
          0.9129934906959534,
          0.6516631841659546,
          0.983335018157959,
          0.6874369382858276,
          0.6657016277313232,
          0.8873662352561951,
          0.8706544041633606,
          0.971429169178009,
          0.9175567030906677,
          0.5490573644638062,
          0.6750423908233643
        ],
        "num_images": 100
      },
      "night": {
        "miou": 0.5371880531311035,
        "class_iou": [
          0.9544985890388489,
          0.7907208204269409,
          0.8159610033035278,
          0.5057446956634521,
          0.5171809196472168,
          0.5324130058288574,
          0.6533222198486328,
          0.497488796710968,
          0.7290864586830139,
          0.10761256515979767,
          0.8253999352455139,
          0.525780439376831,
          0.34460723400115967,
          0.6779499650001526,
          0.045341856777668,
          0.0,
          0.8750464916229248,
          0.18958942592144012,
          0.6188288927078247
        ],
        "num_images": 106
      },
      "rain": {
        "miou": 0.7173131704330444,
        "class_iou": [
          0.9617668986320496,
          0.8280040621757507,
          0.9127829670906067,
          0.42740723490715027,
          0.4695756137371063,
          0.618769109249115,
          0.7799631357192993,
          0.7519233226776123,
          0.9303789138793945,
          0.6702264547348022,
          0.9847052693367004,
          0.6804929971694946,
          0.004008685704320669,
          0.9008117318153381,
          0.7439069747924805,
          0.9411188960075378,
          0.7674275040626526,
          0.5751211643218994,
          0.6805583238601685
        ],
        "num_images": 100
      },
      "snow": {
        "miou": 0.7500455975532532,
        "class_iou": [
          0.9507267475128174,
          0.8281577825546265,
          0.8989846110343933,
          0.7022197842597961,
          0.5022451877593994,
          0.648589551448822,
          0.7832510471343994,
          0.7732340693473816,
          0.9023959040641785,
          0.6521544456481934,
          0.9792667031288147,
          0.7720422744750977,
          0.11046511679887772,
          0.9044135808944702,
          0.8808691501617432,
          0.8163196444511414,
          0.9275807738304138,
          0.706236720085144,
          0.5117135047912598
        ],
        "num_images": 100
      }
    }
  },
  "normal": {
    "split": "normal",
    "condition": null,
    "source_csv": "normal.csv",
    "csv_split_filter": "val",
    "num_samples": 203,
    "miou": 0.7009415626525879,
    "class_iou": {
      "road": 0.9594619870185852,
      "sidewalk": 0.8451358079910278,
      "building": 0.8911728262901306,
      "wall": 0.5993718504905701,
      "fence": 0.5575805306434631,
      "pole": 0.5999719500541687,
      "traffic_light": 0.7311857342720032,
      "traffic_sign": 0.672213613986969,
      "vegetation": 0.8793517351150513,
      "terrain": 0.3951084315776825,
      "sky": 0.977057158946991,
      "person": 0.670991063117981,
      "rider": 0.4153096377849579,
      "car": 0.8415975570678711,
      "truck": 0.4097599983215332,
      "bus": 0.9209052920341492,
      "train": 0.7319074869155884,
      "motorcycle": 0.5015379786491394,
      "bicycle": 0.7182696461677551
    },
    "condition_results": {
      "normal": {
        "miou": 0.7009415626525879,
        "class_iou": [
          0.9594619870185852,
          0.8451358079910278,
          0.8911728262901306,
          0.5993718504905701,
          0.5575805306434631,
          0.5999719500541687,
          0.7311857342720032,
          0.672213613986969,
          0.8793517351150513,
          0.3951084315776825,
          0.977057158946991,
          0.670991063117981,
          0.4153096377849579,
          0.8415975570678711,
          0.4097599983215332,
          0.9209052920341492,
          0.7319074869155884,
          0.5015379786491394,
          0.7182696461677551
        ],
        "num_images": 203
      }
    }
  },
  "comparison": {
    "normal_minus_main_miou": -0.027106285095214844,
    "main_minus_normal_miou": 0.027106285095214844
  }
}