{
  "task": "evaluate",
  "created_at": "2026-06-03 01:04:28",
  "config_path": "configs/enhance_night_only.yaml",
  "checkpoint": "outputs/checkpoints/enhance_night_only_gamma/best_miou.pth",
  "split": "val",
  "condition": null,
  "num_samples": 406,
  "miou": 0.47650930285453796,
  "class_iou": {
    "road": 0.9075702428817749,
    "sidewalk": 0.6797399520874023,
    "building": 0.7923950552940369,
    "wall": 0.39710181951522827,
    "fence": 0.302511066198349,
    "pole": 0.5001779794692993,
    "traffic_light": 0.5251291394233704,
    "traffic_sign": 0.37062880396842957,
    "vegetation": 0.8254413604736328,
    "terrain": 0.41189849376678467,
    "sky": 0.942101240158081,
    "person": 0.23579858243465424,
    "rider": 0.008346258662641048,
    "car": 0.7162075042724609,
    "truck": 0.15922985970973969,
    "bus": 0.3817259669303894,
    "train": 0.6765492558479309,
    "motorcycle": 0.05031377077102661,
    "bicycle": 0.17081066966056824
  },
  "condition_results": {
    "fog": {
      "miou": 0.5339342951774597,
      "class_iou": [
        0.9442504048347473,
        0.7792928218841553,
        0.8402890563011169,
        0.5538419485092163,
        0.3561026453971863,
        0.5549631118774414,
        0.516798198223114,
        0.40740326046943665,
        0.8822187185287476,
        0.561851441860199,
        0.9789908528327942,
        0.3096722960472107,
        0.04081262648105621,
        0.7316569089889526,
        0.2403278350830078,
        0.5018680691719055,
        0.578488290309906,
        0.010683398693799973,
        0.35524022579193115
      ],
      "num_images": 100
    },
    "night": {
      "miou": 0.36730197072029114,
      "class_iou": [
        0.9066212177276611,
        0.6578906178474426,
        0.7163828015327454,
        0.3091419041156769,
        0.28185588121414185,
        0.45549526810646057,
        0.32735535502433777,
        0.2317209243774414,
        0.645724356174469,
        0.13009066879749298,
        0.7710456848144531,
        0.13893070816993713,
        0.0,
        0.5178912281990051,
        0.015155196189880371,
        0.0,
        0.6489134430885315,
        0.04903154447674751,
        0.17549048364162445
      ],
      "num_images": 106
    },
    "rain": {
      "miou": 0.4781285226345062,
      "class_iou": [
        0.8775063157081604,
        0.6274579763412476,
        0.8237384557723999,
        0.3002152740955353,
        0.2829699218273163,
        0.495299756526947,
        0.5461965799331665,
        0.457375705242157,
        0.9031257033348083,
        0.5576371550559998,
        0.9833600521087646,
        0.25647521018981934,
        0.0,
        0.7466800808906555,
        0.08013079315423965,
        0.46933338046073914,
        0.5077072978019714,
        0.01896951161324978,
        0.15026339888572693
      ],
      "num_images": 100
    },
    "snow": {
      "miou": 0.49189531803131104,
      "class_iou": [
        0.9010338187217712,
        0.6840959787368774,
        0.8185569047927856,
        0.4603617489337921,
        0.3122314214706421,
        0.489462286233902,
        0.6563981175422668,
        0.45694082975387573,
        0.8599304556846619,
        0.3569250702857971,
        0.9766745567321777,
        0.290823370218277,
        0.00028153153834864497,
        0.7343245148658752,
        0.12323159724473953,
        0.24989986419677734,
        0.7953605651855469,
        0.0880747064948082,
        0.09140381962060928
      ],
      "num_images": 100
    }
  }
}