{
  "task": "evaluate",
  "created_at": "2026-06-15 01:23:47",
  "config_path": "outputs/tmp_configs/ablations/02_ce_tversky.yaml",
  "checkpoint": "outputs/checkpoints/ablations/02_ce_tversky/best_miou.pth",
  "checkpoint_epoch": 87,
  "checkpoint_best_miou": 0.7259365320205688,
  "main": {
    "split": "val",
    "condition": null,
    "source_csv": "val.csv",
    "csv_split_filter": null,
    "num_samples": 406,
    "miou": 0.725960910320282,
    "class_iou": {
      "road": 0.9601308107376099,
      "sidewalk": 0.8213355541229248,
      "building": 0.8783574104309082,
      "wall": 0.5862902402877808,
      "fence": 0.4966152310371399,
      "pole": 0.6352981925010681,
      "traffic_light": 0.7693617939949036,
      "traffic_sign": 0.6559911370277405,
      "vegetation": 0.8736287951469421,
      "terrain": 0.5534038543701172,
      "sky": 0.954585075378418,
      "person": 0.6665707230567932,
      "rider": 0.3207816183567047,
      "car": 0.8830156922340393,
      "truck": 0.842056393623352,
      "bus": 0.9052976369857788,
      "train": 0.8996429443359375,
      "motorcycle": 0.4774708151817322,
      "bicycle": 0.6134219169616699
    },
    "condition_results": {
      "fog": {
        "miou": 0.7994182109832764,
        "class_iou": [
          0.980196475982666,
          0.8826683759689331,
          0.9103696942329407,
          0.7601337432861328,
          0.5525591373443604,
          0.7239908576011658,
          0.8099948763847351,
          0.7768716812133789,
          0.9153012037277222,
          0.6786670684814453,
          0.9834888577461243,
          0.6722045540809631,
          0.6452895402908325,
          0.8987242579460144,
          0.8709220886230469,
          0.9750057458877563,
          0.9334991574287415,
          0.5579873919487,
          0.6610710620880127
        ],
        "num_images": 100
      },
      "night": {
        "miou": 0.5342857837677002,
        "class_iou": [
          0.9520667791366577,
          0.7827922105789185,
          0.8151556849479675,
          0.4939725995063782,
          0.4875006675720215,
          0.5428271293640137,
          0.6298220157623291,
          0.4504750370979309,
          0.7284579277038574,
          0.13408049941062927,
          0.8249945044517517,
          0.5267729163169861,
          0.3496449589729309,
          0.6966665387153625,
          0.04444286599755287,
          0.0,
          0.8924904465675354,
          0.17074967920780182,
          0.6285181045532227
        ],
        "num_images": 106
      },
      "rain": {
        "miou": 0.7132576107978821,
        "class_iou": [
          0.9625741839408875,
          0.8298782110214233,
          0.911663293838501,
          0.410328209400177,
          0.4522479176521301,
          0.6202728152275085,
          0.7775639891624451,
          0.7506039142608643,
          0.932526171207428,
          0.6884097456932068,
          0.9849257469177246,
          0.6841959953308105,
          0.0,
          0.901328444480896,
          0.76136314868927,
          0.9386792778968811,
          0.7713414430618286,
          0.5486596822738647,
          0.6253331899642944
        ],
        "num_images": 100
      },
      "snow": {
        "miou": 0.7470601201057434,
        "class_iou": [
          0.9517690539360046,
          0.8265030980110168,
          0.9009115099906921,
          0.7048291563987732,
          0.5105881094932556,
          0.6465115547180176,
          0.7906947135925293,
          0.7785254120826721,
          0.9027284383773804,
          0.6474555730819702,
          0.9794594645500183,
          0.7821987867355347,
          0.1042523980140686,
          0.9062924981117249,
          0.864422619342804,
          0.8094782829284668,
          0.9294701218605042,
          0.6710313558578491,
          0.48701992630958557
        ],
        "num_images": 100
      }
    }
  },
  "normal": {
    "split": "normal",
    "condition": null,
    "source_csv": "normal.csv",
    "csv_split_filter": "val",
    "num_samples": 203,
    "miou": 0.7013992071151733,
    "class_iou": {
      "road": 0.9605852365493774,
      "sidewalk": 0.8494340181350708,
      "building": 0.8945942521095276,
      "wall": 0.5985311269760132,
      "fence": 0.5453577041625977,
      "pole": 0.5967648029327393,
      "traffic_light": 0.7484952211380005,
      "traffic_sign": 0.672615647315979,
      "vegetation": 0.8774169683456421,
      "terrain": 0.36745959520339966,
      "sky": 0.978206217288971,
      "person": 0.6737418174743652,
      "rider": 0.39666613936424255,
      "car": 0.8423983454704285,
      "truck": 0.38294336199760437,
      "bus": 0.9142141938209534,
      "train": 0.8130288124084473,
      "motorcycle": 0.4803144931793213,
      "bicycle": 0.7338173985481262
    },
    "condition_results": {
      "normal": {
        "miou": 0.7013992071151733,
        "class_iou": [
          0.9605852365493774,
          0.8494340181350708,
          0.8945942521095276,
          0.5985311269760132,
          0.5453577041625977,
          0.5967648029327393,
          0.7484952211380005,
          0.672615647315979,
          0.8774169683456421,
          0.36745959520339966,
          0.978206217288971,
          0.6737418174743652,
          0.39666613936424255,
          0.8423983454704285,
          0.38294336199760437,
          0.9142141938209534,
          0.8130288124084473,
          0.4803144931793213,
          0.7338173985481262
        ],
        "num_images": 203
      }
    }
  },
  "comparison": {
    "normal_minus_main_miou": -0.024561703205108643,
    "main_minus_normal_miou": 0.024561703205108643
  }
}