{
  "task": "evaluate",
  "created_at": "2026-06-09 14:21:57",
  "config_path": "outputs/tmp_configs/augmentation/none_rain.yaml",
  "checkpoint": "outputs/checkpoints/augmentation/none_rain/best_miou.pth",
  "checkpoint_epoch": 25,
  "checkpoint_best_miou": 0.6886773109436035,
  "main": {
    "split": "val",
    "condition": "rain",
    "source_csv": "val.csv",
    "csv_split_filter": null,
    "num_samples": 100,
    "miou": 0.6886773109436035,
    "class_iou": {
      "road": 0.9484696984291077,
      "sidewalk": 0.7917453646659851,
      "building": 0.9088571667671204,
      "wall": 0.4066728949546814,
      "fence": 0.4400486648082733,
      "pole": 0.5877653360366821,
      "traffic_light": 0.7611415982246399,
      "traffic_sign": 0.7113795876502991,
      "vegetation": 0.9293091893196106,
      "terrain": 0.6490070819854736,
      "sky": 0.9844635725021362,
      "person": 0.6938700675964355,
      "rider": 0.008453910239040852,
      "car": 0.881926417350769,
      "truck": 0.5940994024276733,
      "bus": 0.9082783460617065,
      "train": 0.7539627552032471,
      "motorcycle": 0.5082723498344421,
      "bicycle": 0.6171460151672363
    },
    "condition_results": {
      "rain": {
        "miou": 0.6886773109436035,
        "class_iou": [
          0.9484696984291077,
          0.7917453646659851,
          0.9088571667671204,
          0.4066728949546814,
          0.4400486648082733,
          0.5877653360366821,
          0.7611415982246399,
          0.7113795876502991,
          0.9293091893196106,
          0.6490070819854736,
          0.9844635725021362,
          0.6938700675964355,
          0.008453910239040852,
          0.881926417350769,
          0.5940994024276733,
          0.9082783460617065,
          0.7539627552032471,
          0.5082723498344421,
          0.6171460151672363
        ],
        "num_images": 100
      }
    }
  },
  "normal": null,
  "comparison": null
}