{
  "task": "evaluate",
  "created_at": "2026-06-16 01:12:37",
  "config_path": "outputs/tmp_configs/ablations/07_gamma.yaml",
  "checkpoint": "outputs/checkpoints/ablations/07_gamma/best_miou.pth",
  "checkpoint_epoch": 42,
  "checkpoint_best_miou": 0.7280433773994446,
  "main": {
    "split": "val",
    "condition": null,
    "source_csv": "val.csv",
    "csv_split_filter": null,
    "num_samples": 406,
    "miou": 0.7280405163764954,
    "class_iou": {
      "road": 0.9590024352073669,
      "sidewalk": 0.8171237111091614,
      "building": 0.8797184824943542,
      "wall": 0.6078113317489624,
      "fence": 0.5194240808486938,
      "pole": 0.6324291825294495,
      "traffic_light": 0.7688369154930115,
      "traffic_sign": 0.6584904193878174,
      "vegetation": 0.874492883682251,
      "terrain": 0.5475748777389526,
      "sky": 0.9553300142288208,
      "person": 0.6646297574043274,
      "rider": 0.3137405812740326,
      "car": 0.875056266784668,
      "truck": 0.822669267654419,
      "bus": 0.901250422000885,
      "train": 0.904891848564148,
      "motorcycle": 0.5238463878631592,
      "bicycle": 0.6064506769180298
    },
    "condition_results": {
      "fog": {
        "miou": 0.798956036567688,
        "class_iou": [
          0.9791159629821777,
          0.8832930326461792,
          0.9095799922943115,
          0.763022780418396,
          0.5824798345565796,
          0.7257881164550781,
          0.8025774359703064,
          0.7594372630119324,
          0.914537787437439,
          0.6617686748504639,
          0.9835407733917236,
          0.6740244030952454,
          0.5892307758331299,
          0.8866355419158936,
          0.8614710569381714,
          0.9723426103591919,
          0.9333595037460327,
          0.5990973114967346,
          0.698861300945282
        ],
        "num_images": 100
      },
      "night": {
        "miou": 0.545219898223877,
        "class_iou": [
          0.9510352611541748,
          0.7755160927772522,
          0.8228433132171631,
          0.5375638008117676,
          0.5267707109451294,
          0.536242663860321,
          0.6481503248214722,
          0.4727625846862793,
          0.7381600737571716,
          0.1492455154657364,
          0.8276750445365906,
          0.533801794052124,
          0.38942453265190125,
          0.6932425498962402,
          0.038296688348054886,
          0.0,
          0.9027240872383118,
          0.21232132613658905,
          0.6034027338027954
        ],
        "num_images": 106
      },
      "rain": {
        "miou": 0.7103007435798645,
        "class_iou": [
          0.9581108093261719,
          0.8179705142974854,
          0.9120540022850037,
          0.43383321166038513,
          0.46745020151138306,
          0.6149541735649109,
          0.7747180461883545,
          0.7452101707458496,
          0.9307501316070557,
          0.6682567596435547,
          0.9844914078712463,
          0.6851766109466553,
          0.0015072851674631238,
          0.8964357376098633,
          0.7174279689788818,
          0.9362699389457703,
          0.7696005702018738,
          0.5677303671836853,
          0.6137655377388
        ],
        "num_images": 100
      },
      "snow": {
        "miou": 0.7499078512191772,
        "class_iou": [
          0.953661322593689,
          0.8309263586997986,
          0.8963062167167664,
          0.6855713725090027,
          0.5042436122894287,
          0.6440355777740479,
          0.7864882349967957,
          0.774379312992096,
          0.9019269347190857,
          0.6425725817680359,
          0.9794530868530273,
          0.7710427641868591,
          0.0732177272439003,
          0.8972358703613281,
          0.8475410342216492,
          0.800240695476532,
          0.9308932423591614,
          0.751088559627533,
          0.5774241089820862
        ],
        "num_images": 100
      }
    }
  },
  "normal": {
    "split": "normal",
    "condition": null,
    "source_csv": "normal.csv",
    "csv_split_filter": "val",
    "num_samples": 203,
    "miou": 0.697032630443573,
    "class_iou": {
      "road": 0.9606116414070129,
      "sidewalk": 0.8458197712898254,
      "building": 0.8930009007453918,
      "wall": 0.6104419827461243,
      "fence": 0.5471673011779785,
      "pole": 0.6035116910934448,
      "traffic_light": 0.739767849445343,
      "traffic_sign": 0.6681330800056458,
      "vegetation": 0.8790874481201172,
      "terrain": 0.39723750948905945,
      "sky": 0.9771086573600769,
      "person": 0.6570954322814941,
      "rider": 0.38617441058158875,
      "car": 0.8362127542495728,
      "truck": 0.3505130708217621,
      "bus": 0.9200318455696106,
      "train": 0.733950674533844,
      "motorcycle": 0.5056909918785095,
      "bicycle": 0.732063353061676
    },
    "condition_results": {
      "normal": {
        "miou": 0.697032630443573,
        "class_iou": [
          0.9606116414070129,
          0.8458197712898254,
          0.8930009007453918,
          0.6104419827461243,
          0.5471673011779785,
          0.6035116910934448,
          0.739767849445343,
          0.6681330800056458,
          0.8790874481201172,
          0.39723750948905945,
          0.9771086573600769,
          0.6570954322814941,
          0.38617441058158875,
          0.8362127542495728,
          0.3505130708217621,
          0.9200318455696106,
          0.733950674533844,
          0.5056909918785095,
          0.732063353061676
        ],
        "num_images": 203
      }
    }
  },
  "comparison": {
    "normal_minus_main_miou": -0.031007885932922363,
    "main_minus_normal_miou": 0.031007885932922363
  }
}