{
  "task": "evaluate",
  "created_at": "2026-06-09 01:44:57",
  "config_path": "outputs/tmp_configs/enhancement/none.yaml",
  "checkpoint": "outputs/checkpoints/enhancement/none/best_miou.pth",
  "checkpoint_epoch": 54,
  "checkpoint_best_miou": 0.7272163033485413,
  "main": {
    "split": "val",
    "condition": null,
    "source_csv": "val.csv",
    "csv_split_filter": null,
    "num_samples": 406,
    "miou": 0.7272163033485413,
    "class_iou": {
      "road": 0.9602644443511963,
      "sidewalk": 0.8202686309814453,
      "building": 0.8799605965614319,
      "wall": 0.5948810577392578,
      "fence": 0.5045821666717529,
      "pole": 0.6317334771156311,
      "traffic_light": 0.7650357484817505,
      "traffic_sign": 0.6613461971282959,
      "vegetation": 0.8736247420310974,
      "terrain": 0.5433849096298218,
      "sky": 0.9544522166252136,
      "person": 0.6646973490715027,
      "rider": 0.325313538312912,
      "car": 0.8776499032974243,
      "truck": 0.8217992186546326,
      "bus": 0.8954451084136963,
      "train": 0.8971572518348694,
      "motorcycle": 0.5311970710754395,
      "bicycle": 0.6143162846565247
    },
    "condition_results": {
      "fog": {
        "miou": 0.8021092414855957,
        "class_iou": [
          0.9789786338806152,
          0.8760926127433777,
          0.9107242822647095,
          0.7611196637153625,
          0.5447076559066772,
          0.7210840582847595,
          0.8041480183601379,
          0.7646484375,
          0.9145005345344543,
          0.6641818881034851,
          0.9833922982215881,
          0.6814156770706177,
          0.6692219972610474,
          0.8866505026817322,
          0.8570795059204102,
          0.9733720421791077,
          0.9181255102157593,
          0.6625678539276123,
          0.6680656671524048
        ],
        "num_images": 100
      },
      "night": {
        "miou": 0.545121431350708,
        "class_iou": [
          0.9525536298751831,
          0.7830813527107239,
          0.8202887773513794,
          0.5316009521484375,
          0.5090874433517456,
          0.5376496315002441,
          0.6321922540664673,
          0.48380959033966064,
          0.7329627275466919,
          0.13611753284931183,
          0.8234508633613586,
          0.5461418032646179,
          0.3558519780635834,
          0.7026010751724243,
          0.05636050924658775,
          0.0,
          0.8942320942878723,
          0.23945169150829315,
          0.6198729872703552
        ],
        "num_images": 106
      },
      "rain": {
        "miou": 0.7026812434196472,
        "class_iou": [
          0.9629288911819458,
          0.8254734873771667,
          0.9107439517974854,
          0.39773470163345337,
          0.45287927985191345,
          0.6131627559661865,
          0.7727405428886414,
          0.7452340126037598,
          0.9312125444412231,
          0.6693949103355408,
          0.9848765134811401,
          0.6833264231681824,
          0.0003271716122981161,
          0.8982104659080505,
          0.6592627763748169,
          0.9312372803688049,
          0.7701413631439209,
          0.5428953170776367,
          0.599161684513092
        ],
        "num_images": 100
      },
      "snow": {
        "miou": 0.7470492720603943,
        "class_iou": [
          0.9524421095848083,
          0.830662190914154,
          0.9010274410247803,
          0.6774797439575195,
          0.5125110745429993,
          0.6473073363304138,
          0.7861348986625671,
          0.7787178158760071,
          0.9017134308815002,
          0.6474422812461853,
          0.9793451428413391,
          0.7553914785385132,
          0.062745101749897,
          0.9002171158790588,
          0.861110270023346,
          0.7922284007072449,
          0.9236555099487305,
          0.7206305861473083,
          0.5631742477416992
        ],
        "num_images": 100
      }
    }
  },
  "normal": {
    "split": "normal",
    "condition": null,
    "source_csv": "normal.csv",
    "csv_split_filter": "val",
    "num_samples": 203,
    "miou": 0.7020743489265442,
    "class_iou": {
      "road": 0.9591537117958069,
      "sidewalk": 0.8444082140922546,
      "building": 0.8911465406417847,
      "wall": 0.58720862865448,
      "fence": 0.5552579760551453,
      "pole": 0.6072775721549988,
      "traffic_light": 0.7401121854782104,
      "traffic_sign": 0.6672948002815247,
      "vegetation": 0.8770772218704224,
      "terrain": 0.386705219745636,
      "sky": 0.9766150116920471,
      "person": 0.6528318524360657,
      "rider": 0.3885549008846283,
      "car": 0.8391141295433044,
      "truck": 0.4126073122024536,
      "bus": 0.9161275029182434,
      "train": 0.7978230714797974,
      "motorcycle": 0.5193139314651489,
      "bicycle": 0.7207826375961304
    },
    "condition_results": {
      "normal": {
        "miou": 0.7020743489265442,
        "class_iou": [
          0.9591537117958069,
          0.8444082140922546,
          0.8911465406417847,
          0.58720862865448,
          0.5552579760551453,
          0.6072775721549988,
          0.7401121854782104,
          0.6672948002815247,
          0.8770772218704224,
          0.386705219745636,
          0.9766150116920471,
          0.6528318524360657,
          0.3885549008846283,
          0.8391141295433044,
          0.4126073122024536,
          0.9161275029182434,
          0.7978230714797974,
          0.5193139314651489,
          0.7207826375961304
        ],
        "num_images": 203
      }
    }
  },
  "comparison": {
    "normal_minus_main_miou": -0.02514195442199707,
    "main_minus_normal_miou": 0.02514195442199707
  }
}