{
  "task": "evaluate",
  "created_at": "2026-06-16 04:56:07",
  "config_path": "outputs/tmp_configs/ablations/08_weather_aug_gamma.yaml",
  "checkpoint": "outputs/checkpoints/ablations/08_weather_aug_gamma/best_miou.pth",
  "checkpoint_epoch": 59,
  "checkpoint_best_miou": 0.7262552380561829,
  "main": {
    "split": "val",
    "condition": null,
    "source_csv": "val.csv",
    "csv_split_filter": null,
    "num_samples": 406,
    "miou": 0.7261016368865967,
    "class_iou": {
      "road": 0.960348904132843,
      "sidewalk": 0.8203871250152588,
      "building": 0.8785296082496643,
      "wall": 0.5901772379875183,
      "fence": 0.49745112657546997,
      "pole": 0.636210024356842,
      "traffic_light": 0.770521342754364,
      "traffic_sign": 0.6653381586074829,
      "vegetation": 0.8745079636573792,
      "terrain": 0.539200484752655,
      "sky": 0.9557722806930542,
      "person": 0.6636970639228821,
      "rider": 0.3322330415248871,
      "car": 0.8780378699302673,
      "truck": 0.8303554654121399,
      "bus": 0.9108854532241821,
      "train": 0.8972268104553223,
      "motorcycle": 0.4915978014469147,
      "bicycle": 0.6034533381462097
    },
    "condition_results": {
      "fog": {
        "miou": 0.7958804368972778,
        "class_iou": [
          0.9794970750808716,
          0.8777485489845276,
          0.907553493976593,
          0.766675591468811,
          0.5630633234977722,
          0.7234083414077759,
          0.7978358268737793,
          0.7615399956703186,
          0.9140015244483948,
          0.6514644622802734,
          0.9833771586418152,
          0.6869298815727234,
          0.6546738147735596,
          0.8914757370948792,
          0.8705209493637085,
          0.9747707843780518,
          0.9408571720123291,
          0.4949471056461334,
          0.6813873648643494
        ],
        "num_images": 100
      },
      "night": {
        "miou": 0.5388257503509521,
        "class_iou": [
          0.9543026089668274,
          0.78553307056427,
          0.8203403949737549,
          0.5155632495880127,
          0.5053554177284241,
          0.539609432220459,
          0.6616836786270142,
          0.4858037829399109,
          0.7361143231391907,
          0.10718405246734619,
          0.829442024230957,
          0.5123425722122192,
          0.37145987153053284,
          0.6890578269958496,
          0.04776579514145851,
          0.0,
          0.8758426904678345,
          0.19990195333957672,
          0.600385844707489
        ],
        "num_images": 106
      },
      "rain": {
        "miou": 0.7046229839324951,
        "class_iou": [
          0.9599180817604065,
          0.8207066059112549,
          0.9106765985488892,
          0.3992585837841034,
          0.42978635430336,
          0.6190563440322876,
          0.7769481539726257,
          0.7480518221855164,
          0.9314244389533997,
          0.6722247004508972,
          0.9848970174789429,
          0.6819660067558289,
          0.0,
          0.8971399664878845,
          0.6241376399993896,
          0.9418972730636597,
          0.7890183925628662,
          0.5582365989685059,
          0.6424923539161682
        ],
        "num_images": 100
      },
      "snow": {
        "miou": 0.7521255016326904,
        "class_iou": [
          0.9519532322883606,
          0.830342710018158,
          0.8986526131629944,
          0.6852560043334961,
          0.49504321813583374,
          0.6561623215675354,
          0.7886043190956116,
          0.7772812843322754,
          0.9022783637046814,
          0.6321075558662415,
          0.9796874523162842,
          0.7866135835647583,
          0.09240506589412689,
          0.9035593867301941,
          0.8716412782669067,
          0.8241276741027832,
          0.9411011934280396,
          0.7173727750778198,
          0.5561941862106323
        ],
        "num_images": 100
      }
    }
  },
  "normal": {
    "split": "normal",
    "condition": null,
    "source_csv": "normal.csv",
    "csv_split_filter": "val",
    "num_samples": 203,
    "miou": 0.7050096988677979,
    "class_iou": {
      "road": 0.9586985111236572,
      "sidewalk": 0.8448505997657776,
      "building": 0.8948785066604614,
      "wall": 0.6122234463691711,
      "fence": 0.548078179359436,
      "pole": 0.6060284376144409,
      "traffic_light": 0.7461453080177307,
      "traffic_sign": 0.674807071685791,
      "vegetation": 0.8793599009513855,
      "terrain": 0.3784262239933014,
      "sky": 0.977922797203064,
      "person": 0.6696680784225464,
      "rider": 0.44052213430404663,
      "car": 0.8396347761154175,
      "truck": 0.398350328207016,
      "bus": 0.9210940599441528,
      "train": 0.8172969818115234,
      "motorcycle": 0.4864477515220642,
      "bicycle": 0.7007514834403992
    },
    "condition_results": {
      "normal": {
        "miou": 0.7050096988677979,
        "class_iou": [
          0.9586985111236572,
          0.8448505997657776,
          0.8948785066604614,
          0.6122234463691711,
          0.548078179359436,
          0.6060284376144409,
          0.7461453080177307,
          0.674807071685791,
          0.8793599009513855,
          0.3784262239933014,
          0.977922797203064,
          0.6696680784225464,
          0.44052213430404663,
          0.8396347761154175,
          0.398350328207016,
          0.9210940599441528,
          0.8172969818115234,
          0.4864477515220642,
          0.7007514834403992
        ],
        "num_images": 203
      }
    }
  },
  "comparison": {
    "normal_minus_main_miou": -0.021091938018798828,
    "main_minus_normal_miou": 0.021091938018798828
  }
}