{
  "task": "evaluate",
  "created_at": "2026-06-09 13:05:51",
  "config_path": "outputs/tmp_configs/augmentation/none_fog.yaml",
  "checkpoint": "outputs/checkpoints/augmentation/none_fog/best_miou.pth",
  "checkpoint_epoch": 26,
  "checkpoint_best_miou": 0.7924435138702393,
  "main": {
    "split": "val",
    "condition": "fog",
    "source_csv": "val.csv",
    "csv_split_filter": null,
    "num_samples": 100,
    "miou": 0.7924435138702393,
    "class_iou": {
      "road": 0.9765119552612305,
      "sidewalk": 0.8842650651931763,
      "building": 0.9060538411140442,
      "wall": 0.7605953216552734,
      "fence": 0.5325344204902649,
      "pole": 0.6867660284042358,
      "traffic_light": 0.7807279229164124,
      "traffic_sign": 0.7066740989685059,
      "vegetation": 0.9094651341438293,
      "terrain": 0.6280340552330017,
      "sky": 0.982579231262207,
      "person": 0.656968355178833,
      "rider": 0.6564164161682129,
      "car": 0.8911331295967102,
      "truck": 0.8599924445152283,
      "bus": 0.9724470973014832,
      "train": 0.9352669715881348,
      "motorcycle": 0.6555774807929993,
      "bicycle": 0.6744186282157898
    },
    "condition_results": {
      "fog": {
        "miou": 0.7924435138702393,
        "class_iou": [
          0.9765119552612305,
          0.8842650651931763,
          0.9060538411140442,
          0.7605953216552734,
          0.5325344204902649,
          0.6867660284042358,
          0.7807279229164124,
          0.7066740989685059,
          0.9094651341438293,
          0.6280340552330017,
          0.982579231262207,
          0.656968355178833,
          0.6564164161682129,
          0.8911331295967102,
          0.8599924445152283,
          0.9724470973014832,
          0.9352669715881348,
          0.6555774807929993,
          0.6744186282157898
        ],
        "num_images": 100
      }
    }
  },
  "normal": null,
  "comparison": null
}