{
  "task": "evaluate",
  "created_at": "2026-05-18 11:25:43",
  "config_path": "configs/night.yaml",
  "checkpoint": "outputs/checkpoints/night/best_miou.pth",
  "split": "val",
  "condition": "night",
  "num_samples": 106,
  "miou": 0.3165253698825836,
  "class_iou": {
    "road": 0.8952285647392273,
    "sidewalk": 0.623250424861908,
    "building": 0.6976538300514221,
    "wall": 0.2763657867908478,
    "fence": 0.22174939513206482,
    "pole": 0.4030149281024933,
    "traffic_light": 0.2030361145734787,
    "traffic_sign": 0.15718764066696167,
    "vegetation": 0.6280848979949951,
    "terrain": 0.09912228584289551,
    "sky": 0.7661557197570801,
    "person": 0.07069866359233856,
    "rider": 0.0,
    "car": 0.35944560170173645,
    "truck": 0.0,
    "bus": 0.0,
    "train": 0.5553335547447205,
    "motorcycle": 0.0,
    "bicycle": 0.05765427276492119
  },
  "condition_results": {
    "night": {
      "miou": 0.3165253698825836,
      "class_iou": [
        0.8952285647392273,
        0.623250424861908,
        0.6976538300514221,
        0.2763657867908478,
        0.22174939513206482,
        0.4030149281024933,
        0.2030361145734787,
        0.15718764066696167,
        0.6280848979949951,
        0.09912228584289551,
        0.7661557197570801,
        0.07069866359233856,
        0.0,
        0.35944560170173645,
        0.0,
        0.0,
        0.5553335547447205,
        0.0,
        0.05765427276492119
      ],
      "num_images": 106
    }
  }
}